
--APLICACIONES
INSERT INTO AGRCYFILES.SGSMAPM05
(
	MAPIDSA, MAPNOMA, MAPDESA, MAPURLA,	MAPSTHN,
	MAPUREA, MAPFREF
)
VALUES
('0148262B-DE26-4EE6-BCEF-13C2ACA44698', 'Control de Cumplimiento', 'SISTEMA DE CONTROL DE CUMPLIMIENTO', 'http://localhost:64361/', 1, '11EB105F-AF19-4A11-A7A6-19FDDE63342D', CURRENT TIMESTAMP);

--PARÁMETROS
INSERT INTO AGRCYFILES.SGSMPAM03
(
	MPAIDSA, MPAIDPA, MPACODA, MPANOMA, MPANOCA,	
	MPADESA, MPAVALA, MPAORDN, MPASTRN
)
VALUES
('29D35AAE-BA0D-4606-A9D1-2BFE12A134F1', '8B8C9999-9EBC-4D37-82A2-FDB45CDAEC01', '20', 'TIPICO', 'TIPO DE ICONOS',
'update', '20', 20 , 1),
('29D35AAE-BA0D-4606-A9D1-2BFE12A134F2', '8B8C9999-9EBC-4D37-82A2-FDB45CDAEC01', '21', 'TIPICO', 'TIPO DE ICONOS',
'assessment', '21', 21 , 1);

--Módulo/Submódulos u opciones por aplicación
INSERT INTO AGRCYFILES.SGSOAPM06
(
	OAPUIDA, MAPIDSA, OAPNOMA, OAPCODA, OAPDESA,	
	OAPSTHN, OAPTICA, OAPURLA, OAPTOPN, OAPCTLA,
	OAPMETA, OAPICOA, OAPUREA, OAPFREF, OAPSTRN, 
	OAPIDPA
)
VALUES
('26F30794-3B41-40DF-A97E-32CD7B147061', '0148262B-DE26-4EE6-BCEF-13C2ACA44698', 'Seguimiento', 3, 'SISTEMA DE CONTROL DE CUMPLIMIENTO', 1, 21, 'Seguimiento', 1, 'Seguimiento','Index', 'assessment','11EB105F-AF19-4A11-A7A6-19FDDE63342D', CURRENT TIMESTAMP, 1, 
''),
('2636F1D5-82D9-424B-AF2E-D271FF6415C5', '0148262B-DE26-4EE6-BCEF-13C2ACA44698', 'Configuración', 2, 'SISTEMA DE CONTROL DE CUMPLIMIENTO', 1, 3, 'Configuracion', 1, 'Configuracion','Index', 'settings','11EB105F-AF19-4A11-A7A6-19FDDE63342D', CURRENT TIMESTAMP, 1, 
''),
('98EE4BEB-72CE-45A4-869F-E1D6B42ACDC1', '0148262B-DE26-4EE6-BCEF-13C2ACA44698', 'Cumplimiento', 1, 'SISTEMA DE CONTROL DE CUMPLIMIENTO', 1, 20, 'Cumplimiento', 1, 'Cumplimiento', 'Index', 'update','11EB105F-AF19-4A11-A7A6-19FDDE63342D', CURRENT TIMESTAMP, 1, 
'');

--PERFILES
INSERT INTO AGRCYFILES.SGSMPEM07
(
	MPEUIDA, MAPIDSA, MPECODN, MPENOMA, MPEDESA,	
	MPESTHN, MPEUREA, MPEFREF
)
VALUES
--aplicación SCC
('13BF634A-674F-43B7-9DBE-47F492DF8203', '0148262B-DE26-4EE6-BCEF-13C2ACA44698', 1, 'CUMPLIMIENTO', 'PERSONAL DE CUMPLIMIENTO',
 1, '11EB105F-AF19-4A11-A7A6-19FDDE63342D', CURRENT TIMESTAMP),
('9BBE1462-8441-49EE-8FF0-E8F771C23D81', '0148262B-DE26-4EE6-BCEF-13C2ACA44698', 2, 'CONSULTA', 'PERSONAL DE CONSULTA',
 1, '11EB105F-AF19-4A11-A7A6-19FDDE63342D', CURRENT TIMESTAMP),
('15534A94-B3F9-4E8E-A6EC-358E7604E40D', '0148262B-DE26-4EE6-BCEF-13C2ACA44698', 3, 'RESPONSABLE', 'RESPONSABLE',
 1, '11EB105F-AF19-4A11-A7A6-19FDDE63342D', CURRENT TIMESTAMP);


--PERMISOS POR PERFIL POR APLICACIÓN
INSERT INTO AGRCYFILES.SGSPXPT08
(
	PXPUIDA, MPEUIDA, OAPUIDA, PXPSTRN, 
	PXPUREA, PXPFREF
)
VALUES
--PERFIL CUMPLIMIENTO / APLICACIÓN SCC
('452195E3-7DAE-43DA-A24A-B8B378E7359B', '13BF634A-674F-43B7-9DBE-47F492DF8203', '98EE4BEB-72CE-45A4-869F-E1D6B42ACDC1', 1,
 '11EB105F-AF19-4A11-A7A6-19FDDE63342D', CURRENT TIMESTAMP),
('C0F0B153-F055-424C-AFD0-95A4EA571187', '13BF634A-674F-43B7-9DBE-47F492DF8203', '2636F1D5-82D9-424B-AF2E-D271FF6415C5', 1,
 '11EB105F-AF19-4A11-A7A6-19FDDE63342D', CURRENT TIMESTAMP),
('E8ACD9BC-C0B7-4477-B4DC-95496ABF96E7', '13BF634A-674F-43B7-9DBE-47F492DF8203', '26F30794-3B41-40DF-A97E-32CD7B147061', 1,
 '11EB105F-AF19-4A11-A7A6-19FDDE63342D', CURRENT TIMESTAMP),

--PERFIL CONSULTAS / APLICACIÓN SCC
('22880CA9-8D1E-4020-B3A2-7160FA160570', '9BBE1462-8441-49EE-8FF0-E8F771C23D81', '98EE4BEB-72CE-45A4-869F-E1D6B42ACDC1', 0,
 '11EB105F-AF19-4A11-A7A6-19FDDE63342D', CURRENT TIMESTAMP),
('E4F1CDB8-65C5-4D9E-85A6-E628D57B489A', '9BBE1462-8441-49EE-8FF0-E8F771C23D81', '2636F1D5-82D9-424B-AF2E-D271FF6415C5', 0,
 '11EB105F-AF19-4A11-A7A6-19FDDE63342D', CURRENT TIMESTAMP),
('F60047AA-4680-404C-AFDF-D12DF78D2334', '9BBE1462-8441-49EE-8FF0-E8F771C23D81', '26F30794-3B41-40DF-A97E-32CD7B147061', 1,
 '11EB105F-AF19-4A11-A7A6-19FDDE63342D', CURRENT TIMESTAMP),

--PERFIL RESPONSABLE / APLICACIÓN SCC
('5450CD07-D73A-49A9-BA5F-CA1627F99E43', '15534A94-B3F9-4E8E-A6EC-358E7604E40D', '98EE4BEB-72CE-45A4-869F-E1D6B42ACDC1', 1,
 '11EB105F-AF19-4A11-A7A6-19FDDE63342D', CURRENT TIMESTAMP),
('35A58AEC-64B3-4D66-B31B-03B0FB96A349', '15534A94-B3F9-4E8E-A6EC-358E7604E40D', '2636F1D5-82D9-424B-AF2E-D271FF6415C5', 0,
 '11EB105F-AF19-4A11-A7A6-19FDDE63342D', CURRENT TIMESTAMP),
('C6EB4359-BB43-480D-8A4F-8110A2630918', '15534A94-B3F9-4E8E-A6EC-358E7604E40D', '26F30794-3B41-40DF-A97E-32CD7B147061', 0,
 '11EB105F-AF19-4A11-A7A6-19FDDE63342D', CURRENT TIMESTAMP);

--REGISTRO DE USUARIOS, Y ENLACE DE PERFILES
BEGIN

IF NOT EXISTS(SELECT * FROM AGRCYFILES.SGSMUSM02 WHERE MUSUWEA = RTRIM(LTRIM('AGRAAA'))) THEN

INSERT INTO AGRCYFILES.SGSMUSM02
(MUSIDSA, MUSALIA, MUSNOMA, MUSAPEA, MUSTDON, MUSNDOA, MUSCARA, MUSTUSN, MUSTKTA, MUSMAIA,
MUSUWEA, MUSUADC, MUSHABN, MUSAGEA, MUSLAGA, MUSVDEF, MUSVHAF, MUSVIGI, MUSCFUA, MUSUREA, 
MUSFREF, MUSBLKN, MUSSTRN)
VALUES('11EB105F-AF19-4A11-A701-19FDDE63342D', RTRIM(LTRIM('Aida Alvarez')), RTRIM(LTRIM('Aida Alvarez')), '', 1, '12345601', RTRIM(LTRIM('')), 1, NULL, RTRIM(LTRIM('aalvarez@agrobanco.com.pe')), RTRIM(LTRIM('AGRAAA')), NULL, 0, '1', '', NULL, NULL, 0, '', 'SISTEMA', CURRENT TIMESTAMP, 0, 1);

INSERT INTO AGRCYFILES.SGSPWUE01
(
 PWUIDSA, MUSIDSA, PWUPWDA, PWUACTN, PWUFCAF
)
VALUES
('726ECCEC-PW01-4853-B6B2-608XXXBFA239', '11EB105F-AF19-4A11-A701-19FDDE63342D', NULL, 1, CURRENT TIMESTAMP);

INSERT INTO AGRCYFILES.SGSAUSW04
(
 AUSUIDA, MUSIDSA, MPEUIDA, AUSSTHN, 
 AUSUREA, AUSFREF
)
VALUES
('48C170F4-AU01-44F5-AEF0-37AB9222C1B8', '11EB105F-AF19-4A11-A701-19FDDE63342D', '15534A94-B3F9-4E8E-A6EC-358E7604E40D', 1, '11EB105F-AF19-4A11-A7A6-19FDDE63342D', CURRENT TIMESTAMP);
END IF;
END;
BEGIN

IF NOT EXISTS(SELECT * FROM AGRCYFILES.SGSMUSM02 WHERE MUSUWEA = RTRIM(LTRIM('AGRAMS     '))) THEN

INSERT INTO AGRCYFILES.SGSMUSM02
(MUSIDSA, MUSALIA, MUSNOMA, MUSAPEA, MUSTDON, MUSNDOA, MUSCARA, MUSTUSN, MUSTKTA, MUSMAIA,
MUSUWEA, MUSUADC, MUSHABN, MUSAGEA, MUSLAGA, MUSVDEF, MUSVHAF, MUSVIGI, MUSCFUA, MUSUREA, 
MUSFREF, MUSBLKN, MUSSTRN)
VALUES('11EB105F-AF19-4A11-A702-19FDDE63342D', RTRIM(LTRIM('Almendra Menacho')), RTRIM(LTRIM('Almendra Menacho')), '', 1, '12345602', RTRIM(LTRIM('Asistente de Seguimiento y Control de Riesgo')), 1, NULL, RTRIM(LTRIM('amenacho@agrobanco.com.pe    ')), RTRIM(LTRIM('AGRAMS     ')), NULL, 0, '1', '', NULL, NULL, 0, '', 'SISTEMA', CURRENT TIMESTAMP, 0, 1);

INSERT INTO AGRCYFILES.SGSPWUE01
(
 PWUIDSA, MUSIDSA, PWUPWDA, PWUACTN, PWUFCAF
)
VALUES
('726ECCEC-PW02-4853-B6B2-608XXXBFA239', '11EB105F-AF19-4A11-A702-19FDDE63342D', NULL, 1, CURRENT TIMESTAMP);

INSERT INTO AGRCYFILES.SGSAUSW04
(
 AUSUIDA, MUSIDSA, MPEUIDA, AUSSTHN, 
 AUSUREA, AUSFREF
)
VALUES
('48C170F4-AU02-44F5-AEF0-37AB9222C1B8', '11EB105F-AF19-4A11-A702-19FDDE63342D', '15534A94-B3F9-4E8E-A6EC-358E7604E40D', 1, '11EB105F-AF19-4A11-A7A6-19FDDE63342D', CURRENT TIMESTAMP);
END IF;
END;
BEGIN

IF NOT EXISTS(SELECT * FROM AGRCYFILES.SGSMUSM02 WHERE MUSUWEA = RTRIM(LTRIM('AGRAAP'))) THEN

INSERT INTO AGRCYFILES.SGSMUSM02
(MUSIDSA, MUSALIA, MUSNOMA, MUSAPEA, MUSTDON, MUSNDOA, MUSCARA, MUSTUSN, MUSTKTA, MUSMAIA,
MUSUWEA, MUSUADC, MUSHABN, MUSAGEA, MUSLAGA, MUSVDEF, MUSVHAF, MUSVIGI, MUSCFUA, MUSUREA, 
MUSFREF, MUSBLKN, MUSSTRN)
VALUES('11EB105F-AF19-4A11-A703-19FDDE63342D', RTRIM(LTRIM('Ana Alza')), RTRIM(LTRIM('Ana Alza')), '', 1, '12345603', RTRIM(LTRIM('')), 1, NULL, RTRIM(LTRIM('aalza@agrobanco.com.pe')), RTRIM(LTRIM('AGRAAP')), NULL, 0, '1', '', NULL, NULL, 0, '', 'SISTEMA', CURRENT TIMESTAMP, 0, 1);

INSERT INTO AGRCYFILES.SGSPWUE01
(
 PWUIDSA, MUSIDSA, PWUPWDA, PWUACTN, PWUFCAF
)
VALUES
('726ECCEC-PW03-4853-B6B2-608XXXBFA239', '11EB105F-AF19-4A11-A703-19FDDE63342D', NULL, 1, CURRENT TIMESTAMP);

INSERT INTO AGRCYFILES.SGSAUSW04
(
 AUSUIDA, MUSIDSA, MPEUIDA, AUSSTHN, 
 AUSUREA, AUSFREF
)
VALUES
('48C170F4-AU03-44F5-AEF0-37AB9222C1B8', '11EB105F-AF19-4A11-A703-19FDDE63342D', '15534A94-B3F9-4E8E-A6EC-358E7604E40D', 1, '11EB105F-AF19-4A11-A7A6-19FDDE63342D', CURRENT TIMESTAMP);
END IF;
END;
BEGIN

IF NOT EXISTS(SELECT * FROM AGRCYFILES.SGSMUSM02 WHERE MUSUWEA = RTRIM(LTRIM('AGRAFS        '))) THEN

INSERT INTO AGRCYFILES.SGSMUSM02
(MUSIDSA, MUSALIA, MUSNOMA, MUSAPEA, MUSTDON, MUSNDOA, MUSCARA, MUSTUSN, MUSTKTA, MUSMAIA,
MUSUWEA, MUSUADC, MUSHABN, MUSAGEA, MUSLAGA, MUSVDEF, MUSVHAF, MUSVIGI, MUSCFUA, MUSUREA, 
MUSFREF, MUSBLKN, MUSSTRN)
VALUES('11EB105F-AF19-4A11-A704-19FDDE63342D', RTRIM(LTRIM('Ana Lucía Fernandez')), RTRIM(LTRIM('Ana Lucía Fernandez')), '', 1, '12345604', RTRIM(LTRIM('')), 1, NULL, RTRIM(LTRIM('afernandez@agrobanco.com.pe')), RTRIM(LTRIM('AGRAFS        ')), NULL, 0, '1', '', NULL, NULL, 0, '', 'SISTEMA', CURRENT TIMESTAMP, 0, 1);

INSERT INTO AGRCYFILES.SGSPWUE01
(
 PWUIDSA, MUSIDSA, PWUPWDA, PWUACTN, PWUFCAF
)
VALUES
('726ECCEC-PW04-4853-B6B2-608XXXBFA239', '11EB105F-AF19-4A11-A704-19FDDE63342D', NULL, 1, CURRENT TIMESTAMP);

INSERT INTO AGRCYFILES.SGSAUSW04
(
 AUSUIDA, MUSIDSA, MPEUIDA, AUSSTHN, 
 AUSUREA, AUSFREF
)
VALUES
('48C170F4-AU04-44F5-AEF0-37AB9222C1B8', '11EB105F-AF19-4A11-A704-19FDDE63342D', '15534A94-B3F9-4E8E-A6EC-358E7604E40D', 1, '11EB105F-AF19-4A11-A7A6-19FDDE63342D', CURRENT TIMESTAMP);
END IF;
END;
BEGIN

IF NOT EXISTS(SELECT * FROM AGRCYFILES.SGSMUSM02 WHERE MUSUWEA = RTRIM(LTRIM('AGRAMC'))) THEN

INSERT INTO AGRCYFILES.SGSMUSM02
(MUSIDSA, MUSALIA, MUSNOMA, MUSAPEA, MUSTDON, MUSNDOA, MUSCARA, MUSTUSN, MUSTKTA, MUSMAIA,
MUSUWEA, MUSUADC, MUSHABN, MUSAGEA, MUSLAGA, MUSVDEF, MUSVHAF, MUSVIGI, MUSCFUA, MUSUREA, 
MUSFREF, MUSBLKN, MUSSTRN)
VALUES('11EB105F-AF19-4A11-A705-19FDDE63342D', RTRIM(LTRIM('Angie Mesones')), RTRIM(LTRIM('Angie Mesones')), '', 1, '12345605', RTRIM(LTRIM('')), 1, NULL, RTRIM(LTRIM('amezones@agrobanco.com.pe')), RTRIM(LTRIM('AGRAMC')), NULL, 0, '1', '', NULL, NULL, 0, '', 'SISTEMA', CURRENT TIMESTAMP, 0, 1);

INSERT INTO AGRCYFILES.SGSPWUE01
(
 PWUIDSA, MUSIDSA, PWUPWDA, PWUACTN, PWUFCAF
)
VALUES
('726ECCEC-PW05-4853-B6B2-608XXXBFA239', '11EB105F-AF19-4A11-A705-19FDDE63342D', NULL, 1, CURRENT TIMESTAMP);

INSERT INTO AGRCYFILES.SGSAUSW04
(
 AUSUIDA, MUSIDSA, MPEUIDA, AUSSTHN, 
 AUSUREA, AUSFREF
)
VALUES
('48C170F4-AU05-44F5-AEF0-37AB9222C1B8', '11EB105F-AF19-4A11-A705-19FDDE63342D', '15534A94-B3F9-4E8E-A6EC-358E7604E40D', 1, '11EB105F-AF19-4A11-A7A6-19FDDE63342D', CURRENT TIMESTAMP);
END IF;
END;
BEGIN

IF NOT EXISTS(SELECT * FROM AGRCYFILES.SGSMUSM02 WHERE MUSUWEA = RTRIM(LTRIM('AGRBGY'))) THEN

INSERT INTO AGRCYFILES.SGSMUSM02
(MUSIDSA, MUSALIA, MUSNOMA, MUSAPEA, MUSTDON, MUSNDOA, MUSCARA, MUSTUSN, MUSTKTA, MUSMAIA,
MUSUWEA, MUSUADC, MUSHABN, MUSAGEA, MUSLAGA, MUSVDEF, MUSVHAF, MUSVIGI, MUSCFUA, MUSUREA, 
MUSFREF, MUSBLKN, MUSSTRN)
VALUES('11EB105F-AF19-4A11-A706-19FDDE63342D', RTRIM(LTRIM('Beatriz  Garcia')), RTRIM(LTRIM('Beatriz  Garcia')), '', 1, '12345606', RTRIM(LTRIM('Jefe de Recursos Humanos')), 1, NULL, RTRIM(LTRIM('bgarciay@agrobanco.com.pe')), RTRIM(LTRIM('AGRBGY')), NULL, 0, '1', '', NULL, NULL, 0, '', 'SISTEMA', CURRENT TIMESTAMP, 0, 1);

INSERT INTO AGRCYFILES.SGSPWUE01
(
 PWUIDSA, MUSIDSA, PWUPWDA, PWUACTN, PWUFCAF
)
VALUES
('726ECCEC-PW06-4853-B6B2-608XXXBFA239', '11EB105F-AF19-4A11-A706-19FDDE63342D', NULL, 1, CURRENT TIMESTAMP);

INSERT INTO AGRCYFILES.SGSAUSW04
(
 AUSUIDA, MUSIDSA, MPEUIDA, AUSSTHN, 
 AUSUREA, AUSFREF
)
VALUES
('48C170F4-AU06-44F5-AEF0-37AB9222C1B8', '11EB105F-AF19-4A11-A706-19FDDE63342D', '15534A94-B3F9-4E8E-A6EC-358E7604E40D', 1, '11EB105F-AF19-4A11-A7A6-19FDDE63342D', CURRENT TIMESTAMP);
END IF;
END;
BEGIN

IF NOT EXISTS(SELECT * FROM AGRCYFILES.SGSMUSM02 WHERE MUSUWEA = RTRIM(LTRIM('AGRBLN  '))) THEN

INSERT INTO AGRCYFILES.SGSMUSM02
(MUSIDSA, MUSALIA, MUSNOMA, MUSAPEA, MUSTDON, MUSNDOA, MUSCARA, MUSTUSN, MUSTKTA, MUSMAIA,
MUSUWEA, MUSUADC, MUSHABN, MUSAGEA, MUSLAGA, MUSVDEF, MUSVHAF, MUSVIGI, MUSCFUA, MUSUREA, 
MUSFREF, MUSBLKN, MUSSTRN)
VALUES('11EB105F-AF19-4A11-A707-19FDDE63342D', RTRIM(LTRIM('Bryan López Nestares')), RTRIM(LTRIM('Bryan López Nestares')), '', 1, '12345607', RTRIM(LTRIM('Gerente de Riesgos')), 1, NULL, RTRIM(LTRIM('blopez@agrobanco.com.pe                ')), RTRIM(LTRIM('AGRBLN  ')), NULL, 0, '1', '', NULL, NULL, 0, '', 'SISTEMA', CURRENT TIMESTAMP, 0, 1);

INSERT INTO AGRCYFILES.SGSPWUE01
(
 PWUIDSA, MUSIDSA, PWUPWDA, PWUACTN, PWUFCAF
)
VALUES
('726ECCEC-PW07-4853-B6B2-608XXXBFA239', '11EB105F-AF19-4A11-A707-19FDDE63342D', NULL, 1, CURRENT TIMESTAMP);

INSERT INTO AGRCYFILES.SGSAUSW04
(
 AUSUIDA, MUSIDSA, MPEUIDA, AUSSTHN, 
 AUSUREA, AUSFREF
)
VALUES
('48C170F4-AU07-44F5-AEF0-37AB9222C1B8', '11EB105F-AF19-4A11-A707-19FDDE63342D', '15534A94-B3F9-4E8E-A6EC-358E7604E40D', 1, '11EB105F-AF19-4A11-A7A6-19FDDE63342D', CURRENT TIMESTAMP);
END IF;
END;
BEGIN

IF NOT EXISTS(SELECT * FROM AGRCYFILES.SGSMUSM02 WHERE MUSUWEA = RTRIM(LTRIM('AGRCYB'))) THEN

INSERT INTO AGRCYFILES.SGSMUSM02
(MUSIDSA, MUSALIA, MUSNOMA, MUSAPEA, MUSTDON, MUSNDOA, MUSCARA, MUSTUSN, MUSTKTA, MUSMAIA,
MUSUWEA, MUSUADC, MUSHABN, MUSAGEA, MUSLAGA, MUSVDEF, MUSVHAF, MUSVIGI, MUSCFUA, MUSUREA, 
MUSFREF, MUSBLKN, MUSSTRN)
VALUES('11EB105F-AF19-4A11-A708-19FDDE63342D', RTRIM(LTRIM('Carla Ysla Buchelli')), RTRIM(LTRIM('Carla Ysla Buchelli')), '', 1, '12345608', RTRIM(LTRIM('Gerente')), 1, NULL, RTRIM(LTRIM('cysla@agrobanco.com.pe')), RTRIM(LTRIM('AGRCYB')), NULL, 0, '1', '', NULL, NULL, 0, '', 'SISTEMA', CURRENT TIMESTAMP, 0, 1);

INSERT INTO AGRCYFILES.SGSPWUE01
(
 PWUIDSA, MUSIDSA, PWUPWDA, PWUACTN, PWUFCAF
)
VALUES
('726ECCEC-PW08-4853-B6B2-608XXXBFA239', '11EB105F-AF19-4A11-A708-19FDDE63342D', NULL, 1, CURRENT TIMESTAMP);

INSERT INTO AGRCYFILES.SGSAUSW04
(
 AUSUIDA, MUSIDSA, MPEUIDA, AUSSTHN, 
 AUSUREA, AUSFREF
)
VALUES
('48C170F4-AU08-44F5-AEF0-37AB9222C1B8', '11EB105F-AF19-4A11-A708-19FDDE63342D', '15534A94-B3F9-4E8E-A6EC-358E7604E40D', 1, '11EB105F-AF19-4A11-A7A6-19FDDE63342D', CURRENT TIMESTAMP);
END IF;
END;
BEGIN

IF NOT EXISTS(SELECT * FROM AGRCYFILES.SGSMUSM02 WHERE MUSUWEA = RTRIM(LTRIM('AGRCMG         '))) THEN

INSERT INTO AGRCYFILES.SGSMUSM02
(MUSIDSA, MUSALIA, MUSNOMA, MUSAPEA, MUSTDON, MUSNDOA, MUSCARA, MUSTUSN, MUSTKTA, MUSMAIA,
MUSUWEA, MUSUADC, MUSHABN, MUSAGEA, MUSLAGA, MUSVDEF, MUSVHAF, MUSVIGI, MUSCFUA, MUSUREA, 
MUSFREF, MUSBLKN, MUSSTRN)
VALUES('11EB105F-AF19-4A11-A709-19FDDE63342D', RTRIM(LTRIM('Carlos Monzón Gonzales')), RTRIM(LTRIM('Carlos Monzón Gonzales')), '', 1, '12345609', RTRIM(LTRIM('Gerente')), 1, NULL, RTRIM(LTRIM('cmonzon@agrobanco.com.pe  ')), RTRIM(LTRIM('AGRCMG         ')), NULL, 0, '1', '', NULL, NULL, 0, '', 'SISTEMA', CURRENT TIMESTAMP, 0, 1);

INSERT INTO AGRCYFILES.SGSPWUE01
(
 PWUIDSA, MUSIDSA, PWUPWDA, PWUACTN, PWUFCAF
)
VALUES
('726ECCEC-PW09-4853-B6B2-608XXXBFA239', '11EB105F-AF19-4A11-A709-19FDDE63342D', NULL, 1, CURRENT TIMESTAMP);

INSERT INTO AGRCYFILES.SGSAUSW04
(
 AUSUIDA, MUSIDSA, MPEUIDA, AUSSTHN, 
 AUSUREA, AUSFREF
)
VALUES
('48C170F4-AU09-44F5-AEF0-37AB9222C1B8', '11EB105F-AF19-4A11-A709-19FDDE63342D', '15534A94-B3F9-4E8E-A6EC-358E7604E40D', 1, '11EB105F-AF19-4A11-A7A6-19FDDE63342D', CURRENT TIMESTAMP);
END IF;
END;
BEGIN

IF NOT EXISTS(SELECT * FROM AGRCYFILES.SGSMUSM02 WHERE MUSUWEA = RTRIM(LTRIM('AGRCRL       '))) THEN

INSERT INTO AGRCYFILES.SGSMUSM02
(MUSIDSA, MUSALIA, MUSNOMA, MUSAPEA, MUSTDON, MUSNDOA, MUSCARA, MUSTUSN, MUSTKTA, MUSMAIA,
MUSUWEA, MUSUADC, MUSHABN, MUSAGEA, MUSLAGA, MUSVDEF, MUSVHAF, MUSVIGI, MUSCFUA, MUSUREA, 
MUSFREF, MUSBLKN, MUSSTRN)
VALUES('11EB105F-AF19-4A11-A710-19FDDE63342D', RTRIM(LTRIM('Carlos Rodriguez López')), RTRIM(LTRIM('Carlos Rodriguez López')), '', 1, '12345610', RTRIM(LTRIM('Gerente de Asesoría Jurídica y Cumplimiento ')), 1, NULL, RTRIM(LTRIM('crodriguez@agrobanco.com.pe            ')), RTRIM(LTRIM('AGRCRL       ')), NULL, 0, '1', '', NULL, NULL, 0, '', 'SISTEMA', CURRENT TIMESTAMP, 0, 1);

INSERT INTO AGRCYFILES.SGSPWUE01
(
 PWUIDSA, MUSIDSA, PWUPWDA, PWUACTN, PWUFCAF
)
VALUES
('726ECCEC-PW10-4853-B6B2-608XXXBFA239', '11EB105F-AF19-4A11-A710-19FDDE63342D', NULL, 1, CURRENT TIMESTAMP);

INSERT INTO AGRCYFILES.SGSAUSW04
(
 AUSUIDA, MUSIDSA, MPEUIDA, AUSSTHN, 
 AUSUREA, AUSFREF
)
VALUES
('48C170F4-AU10-44F5-AEF0-37AB9222C1B8', '11EB105F-AF19-4A11-A710-19FDDE63342D', '13BF634A-674F-43B7-9DBE-47F492DF8203', 1, '11EB105F-AF19-4A11-A7A6-19FDDE63342D', CURRENT TIMESTAMP);
END IF;
END;
BEGIN

IF NOT EXISTS(SELECT * FROM AGRCYFILES.SGSMUSM02 WHERE MUSUWEA = RTRIM(LTRIM('AGRCHM'))) THEN

INSERT INTO AGRCYFILES.SGSMUSM02
(MUSIDSA, MUSALIA, MUSNOMA, MUSAPEA, MUSTDON, MUSNDOA, MUSCARA, MUSTUSN, MUSTKTA, MUSMAIA,
MUSUWEA, MUSUADC, MUSHABN, MUSAGEA, MUSLAGA, MUSVDEF, MUSVHAF, MUSVIGI, MUSCFUA, MUSUREA, 
MUSFREF, MUSBLKN, MUSSTRN)
VALUES('11EB105F-AF19-4A11-A711-19FDDE63342D', RTRIM(LTRIM('César Hidalgo Montoya')), RTRIM(LTRIM('César Hidalgo Montoya')), '', 1, '12345611', RTRIM(LTRIM('Gerente')), 1, NULL, RTRIM(LTRIM('chidalgom@agrobanco.com.pe')), RTRIM(LTRIM('AGRCHM')), NULL, 0, '1', '', NULL, NULL, 0, '', 'SISTEMA', CURRENT TIMESTAMP, 0, 1);

INSERT INTO AGRCYFILES.SGSPWUE01
(
 PWUIDSA, MUSIDSA, PWUPWDA, PWUACTN, PWUFCAF
)
VALUES
('726ECCEC-PW11-4853-B6B2-608XXXBFA239', '11EB105F-AF19-4A11-A711-19FDDE63342D', NULL, 1, CURRENT TIMESTAMP);

INSERT INTO AGRCYFILES.SGSAUSW04
(
 AUSUIDA, MUSIDSA, MPEUIDA, AUSSTHN, 
 AUSUREA, AUSFREF
)
VALUES
('48C170F4-AU11-44F5-AEF0-37AB9222C1B8', '11EB105F-AF19-4A11-A711-19FDDE63342D', '15534A94-B3F9-4E8E-A6EC-358E7604E40D', 1, '11EB105F-AF19-4A11-A7A6-19FDDE63342D', CURRENT TIMESTAMP);
END IF;
END;
BEGIN

IF NOT EXISTS(SELECT * FROM AGRCYFILES.SGSMUSM02 WHERE MUSUWEA = RTRIM(LTRIM('AGRCHT'))) THEN

INSERT INTO AGRCYFILES.SGSMUSM02
(MUSIDSA, MUSALIA, MUSNOMA, MUSAPEA, MUSTDON, MUSNDOA, MUSCARA, MUSTUSN, MUSTKTA, MUSMAIA,
MUSUWEA, MUSUADC, MUSHABN, MUSAGEA, MUSLAGA, MUSVDEF, MUSVHAF, MUSVIGI, MUSCFUA, MUSUREA, 
MUSFREF, MUSBLKN, MUSSTRN)
VALUES('11EB105F-AF19-4A11-A712-19FDDE63342D', RTRIM(LTRIM('Cledy Huamaní')), RTRIM(LTRIM('Cledy Huamaní')), '', 1, '12345612', RTRIM(LTRIM('')), 1, NULL, RTRIM(LTRIM('chuamani@agrobanco.com.pe')), RTRIM(LTRIM('AGRCHT')), NULL, 0, '1', '', NULL, NULL, 0, '', 'SISTEMA', CURRENT TIMESTAMP, 0, 1);

INSERT INTO AGRCYFILES.SGSPWUE01
(
 PWUIDSA, MUSIDSA, PWUPWDA, PWUACTN, PWUFCAF
)
VALUES
('726ECCEC-PW12-4853-B6B2-608XXXBFA239', '11EB105F-AF19-4A11-A712-19FDDE63342D', NULL, 1, CURRENT TIMESTAMP);

INSERT INTO AGRCYFILES.SGSAUSW04
(
 AUSUIDA, MUSIDSA, MPEUIDA, AUSSTHN, 
 AUSUREA, AUSFREF
)
VALUES
('48C170F4-AU12-44F5-AEF0-37AB9222C1B8', '11EB105F-AF19-4A11-A712-19FDDE63342D', '15534A94-B3F9-4E8E-A6EC-358E7604E40D', 1, '11EB105F-AF19-4A11-A7A6-19FDDE63342D', CURRENT TIMESTAMP);
END IF;
END;
BEGIN

IF NOT EXISTS(SELECT * FROM AGRCYFILES.SGSMUSM02 WHERE MUSUWEA = RTRIM(LTRIM('AGRDPP'))) THEN

INSERT INTO AGRCYFILES.SGSMUSM02
(MUSIDSA, MUSALIA, MUSNOMA, MUSAPEA, MUSTDON, MUSNDOA, MUSCARA, MUSTUSN, MUSTKTA, MUSMAIA,
MUSUWEA, MUSUADC, MUSHABN, MUSAGEA, MUSLAGA, MUSVDEF, MUSVHAF, MUSVIGI, MUSCFUA, MUSUREA, 
MUSFREF, MUSBLKN, MUSSTRN)
VALUES('11EB105F-AF19-4A11-A713-19FDDE63342D', RTRIM(LTRIM('David Pretto')), RTRIM(LTRIM('David Pretto')), '', 1, '12345613', RTRIM(LTRIM('')), 1, NULL, RTRIM(LTRIM('dpretto@agrobanco.com.pe')), RTRIM(LTRIM('AGRDPP')), NULL, 0, '1', '', NULL, NULL, 0, '', 'SISTEMA', CURRENT TIMESTAMP, 0, 1);

INSERT INTO AGRCYFILES.SGSPWUE01
(
 PWUIDSA, MUSIDSA, PWUPWDA, PWUACTN, PWUFCAF
)
VALUES
('726ECCEC-PW13-4853-B6B2-608XXXBFA239', '11EB105F-AF19-4A11-A713-19FDDE63342D', NULL, 1, CURRENT TIMESTAMP);

INSERT INTO AGRCYFILES.SGSAUSW04
(
 AUSUIDA, MUSIDSA, MPEUIDA, AUSSTHN, 
 AUSUREA, AUSFREF
)
VALUES
('48C170F4-AU13-44F5-AEF0-37AB9222C1B8', '11EB105F-AF19-4A11-A713-19FDDE63342D', '15534A94-B3F9-4E8E-A6EC-358E7604E40D', 1, '11EB105F-AF19-4A11-A7A6-19FDDE63342D', CURRENT TIMESTAMP);
END IF;
END;
BEGIN

IF NOT EXISTS(SELECT * FROM AGRCYFILES.SGSMUSM02 WHERE MUSUWEA = RTRIM(LTRIM('AGRDGH'))) THEN

INSERT INTO AGRCYFILES.SGSMUSM02
(MUSIDSA, MUSALIA, MUSNOMA, MUSAPEA, MUSTDON, MUSNDOA, MUSCARA, MUSTUSN, MUSTKTA, MUSMAIA,
MUSUWEA, MUSUADC, MUSHABN, MUSAGEA, MUSLAGA, MUSVDEF, MUSVHAF, MUSVIGI, MUSCFUA, MUSUREA, 
MUSFREF, MUSBLKN, MUSSTRN)
VALUES('11EB105F-AF19-4A11-A714-19FDDE63342D', RTRIM(LTRIM('Diana Guzman')), RTRIM(LTRIM('Diana Guzman')), '', 1, '12345614', RTRIM(LTRIM('Jefe de Recursos Humanos')), 1, NULL, RTRIM(LTRIM('dguzman@agrobanco.com.pe')), RTRIM(LTRIM('AGRDGH')), NULL, 0, '1', '', NULL, NULL, 0, '', 'SISTEMA', CURRENT TIMESTAMP, 0, 1);

INSERT INTO AGRCYFILES.SGSPWUE01
(
 PWUIDSA, MUSIDSA, PWUPWDA, PWUACTN, PWUFCAF
)
VALUES
('726ECCEC-PW14-4853-B6B2-608XXXBFA239', '11EB105F-AF19-4A11-A714-19FDDE63342D', NULL, 1, CURRENT TIMESTAMP);

INSERT INTO AGRCYFILES.SGSAUSW04
(
 AUSUIDA, MUSIDSA, MPEUIDA, AUSSTHN, 
 AUSUREA, AUSFREF
)
VALUES
('48C170F4-AU14-44F5-AEF0-37AB9222C1B8', '11EB105F-AF19-4A11-A714-19FDDE63342D', '15534A94-B3F9-4E8E-A6EC-358E7604E40D', 1, '11EB105F-AF19-4A11-A7A6-19FDDE63342D', CURRENT TIMESTAMP);
END IF;
END;
BEGIN

IF NOT EXISTS(SELECT * FROM AGRCYFILES.SGSMUSM02 WHERE MUSUWEA = RTRIM(LTRIM('AGRERV'))) THEN

INSERT INTO AGRCYFILES.SGSMUSM02
(MUSIDSA, MUSALIA, MUSNOMA, MUSAPEA, MUSTDON, MUSNDOA, MUSCARA, MUSTUSN, MUSTKTA, MUSMAIA,
MUSUWEA, MUSUADC, MUSHABN, MUSAGEA, MUSLAGA, MUSVDEF, MUSVHAF, MUSVIGI, MUSCFUA, MUSUREA, 
MUSFREF, MUSBLKN, MUSSTRN)
VALUES('11EB105F-AF19-4A11-A715-19FDDE63342D', RTRIM(LTRIM('Emir Rodriguez')), RTRIM(LTRIM('Emir Rodriguez')), '', 1, '12345615', RTRIM(LTRIM('')), 1, NULL, RTRIM(LTRIM('erodriguez@agrobanco.com.pe')), RTRIM(LTRIM('AGRERV')), NULL, 0, '1', '', NULL, NULL, 0, '', 'SISTEMA', CURRENT TIMESTAMP, 0, 1);

INSERT INTO AGRCYFILES.SGSPWUE01
(
 PWUIDSA, MUSIDSA, PWUPWDA, PWUACTN, PWUFCAF
)
VALUES
('726ECCEC-PW15-4853-B6B2-608XXXBFA239', '11EB105F-AF19-4A11-A715-19FDDE63342D', NULL, 1, CURRENT TIMESTAMP);

INSERT INTO AGRCYFILES.SGSAUSW04
(
 AUSUIDA, MUSIDSA, MPEUIDA, AUSSTHN, 
 AUSUREA, AUSFREF
)
VALUES
('48C170F4-AU15-44F5-AEF0-37AB9222C1B8', '11EB105F-AF19-4A11-A715-19FDDE63342D', '15534A94-B3F9-4E8E-A6EC-358E7604E40D', 1, '11EB105F-AF19-4A11-A7A6-19FDDE63342D', CURRENT TIMESTAMP);
END IF;
END;
BEGIN

IF NOT EXISTS(SELECT * FROM AGRCYFILES.SGSMUSM02 WHERE MUSUWEA = RTRIM(LTRIM('AGRESCH    '))) THEN

INSERT INTO AGRCYFILES.SGSMUSM02
(MUSIDSA, MUSALIA, MUSNOMA, MUSAPEA, MUSTDON, MUSNDOA, MUSCARA, MUSTUSN, MUSTKTA, MUSMAIA,
MUSUWEA, MUSUADC, MUSHABN, MUSAGEA, MUSLAGA, MUSVDEF, MUSVHAF, MUSVIGI, MUSCFUA, MUSUREA, 
MUSFREF, MUSBLKN, MUSSTRN)
VALUES('11EB105F-AF19-4A11-A716-19FDDE63342D', RTRIM(LTRIM('Estefany Sotelo')), RTRIM(LTRIM('Estefany Sotelo')), '', 1, '12345616', RTRIM(LTRIM('Asistente de Finanzas')), 1, NULL, RTRIM(LTRIM('esotelo@agrobanco.com.pe')), RTRIM(LTRIM('AGRESCH    ')), NULL, 0, '1', '', NULL, NULL, 0, '', 'SISTEMA', CURRENT TIMESTAMP, 0, 1);

INSERT INTO AGRCYFILES.SGSPWUE01
(
 PWUIDSA, MUSIDSA, PWUPWDA, PWUACTN, PWUFCAF
)
VALUES
('726ECCEC-PW16-4853-B6B2-608XXXBFA239', '11EB105F-AF19-4A11-A716-19FDDE63342D', NULL, 1, CURRENT TIMESTAMP);

INSERT INTO AGRCYFILES.SGSAUSW04
(
 AUSUIDA, MUSIDSA, MPEUIDA, AUSSTHN, 
 AUSUREA, AUSFREF
)
VALUES
('48C170F4-AU16-44F5-AEF0-37AB9222C1B8', '11EB105F-AF19-4A11-A716-19FDDE63342D', '15534A94-B3F9-4E8E-A6EC-358E7604E40D', 1, '11EB105F-AF19-4A11-A7A6-19FDDE63342D', CURRENT TIMESTAMP);
END IF;
END;
BEGIN

IF NOT EXISTS(SELECT * FROM AGRCYFILES.SGSMUSM02 WHERE MUSUWEA = RTRIM(LTRIM('AGRGVA'))) THEN

INSERT INTO AGRCYFILES.SGSMUSM02
(MUSIDSA, MUSALIA, MUSNOMA, MUSAPEA, MUSTDON, MUSNDOA, MUSCARA, MUSTUSN, MUSTKTA, MUSMAIA,
MUSUWEA, MUSUADC, MUSHABN, MUSAGEA, MUSLAGA, MUSVDEF, MUSVHAF, MUSVIGI, MUSCFUA, MUSUREA, 
MUSFREF, MUSBLKN, MUSSTRN)
VALUES('11EB105F-AF19-4A11-A717-19FDDE63342D', RTRIM(LTRIM('Giovanni Valentín')), RTRIM(LTRIM('Giovanni Valentín')), '', 1, '12345617', RTRIM(LTRIM('Analista de la Oficialía de Cumplimiento')), 1, NULL, RTRIM(LTRIM('gvalentin@agrobanco.com.pe   ')), RTRIM(LTRIM('AGRGVA')), NULL, 0, '1', '', NULL, NULL, 0, '', 'SISTEMA', CURRENT TIMESTAMP, 0, 1);

INSERT INTO AGRCYFILES.SGSPWUE01
(
 PWUIDSA, MUSIDSA, PWUPWDA, PWUACTN, PWUFCAF
)
VALUES
('726ECCEC-PW17-4853-B6B2-608XXXBFA239', '11EB105F-AF19-4A11-A717-19FDDE63342D', NULL, 1, CURRENT TIMESTAMP);

INSERT INTO AGRCYFILES.SGSAUSW04
(
 AUSUIDA, MUSIDSA, MPEUIDA, AUSSTHN, 
 AUSUREA, AUSFREF
)
VALUES
('48C170F4-AU17-44F5-AEF0-37AB9222C1B8', '11EB105F-AF19-4A11-A717-19FDDE63342D', '15534A94-B3F9-4E8E-A6EC-358E7604E40D', 1, '11EB105F-AF19-4A11-A7A6-19FDDE63342D', CURRENT TIMESTAMP);
END IF;
END;
BEGIN

IF NOT EXISTS(SELECT * FROM AGRCYFILES.SGSMUSM02 WHERE MUSUWEA = RTRIM(LTRIM('AGRGCA'))) THEN

INSERT INTO AGRCYFILES.SGSMUSM02
(MUSIDSA, MUSALIA, MUSNOMA, MUSAPEA, MUSTDON, MUSNDOA, MUSCARA, MUSTUSN, MUSTKTA, MUSMAIA,
MUSUWEA, MUSUADC, MUSHABN, MUSAGEA, MUSLAGA, MUSVDEF, MUSVHAF, MUSVIGI, MUSCFUA, MUSUREA, 
MUSFREF, MUSBLKN, MUSSTRN)
VALUES('11EB105F-AF19-4A11-A718-19FDDE63342D', RTRIM(LTRIM('Giuliana Contreras')), RTRIM(LTRIM('Giuliana Contreras')), '', 1, '12345618', RTRIM(LTRIM('')), 1, NULL, RTRIM(LTRIM('gcontreras@agrobanco.com.pe')), RTRIM(LTRIM('AGRGCA')), NULL, 0, '1', '', NULL, NULL, 0, '', 'SISTEMA', CURRENT TIMESTAMP, 0, 1);

INSERT INTO AGRCYFILES.SGSPWUE01
(
 PWUIDSA, MUSIDSA, PWUPWDA, PWUACTN, PWUFCAF
)
VALUES
('726ECCEC-PW18-4853-B6B2-608XXXBFA239', '11EB105F-AF19-4A11-A718-19FDDE63342D', NULL, 1, CURRENT TIMESTAMP);

INSERT INTO AGRCYFILES.SGSAUSW04
(
 AUSUIDA, MUSIDSA, MPEUIDA, AUSSTHN, 
 AUSUREA, AUSFREF
)
VALUES
('48C170F4-AU18-44F5-AEF0-37AB9222C1B8', '11EB105F-AF19-4A11-A718-19FDDE63342D', '15534A94-B3F9-4E8E-A6EC-358E7604E40D', 1, '11EB105F-AF19-4A11-A7A6-19FDDE63342D', CURRENT TIMESTAMP);
END IF;
END;
BEGIN

IF NOT EXISTS(SELECT * FROM AGRCYFILES.SGSMUSM02 WHERE MUSUWEA = RTRIM(LTRIM('AGRGSGO    '))) THEN

INSERT INTO AGRCYFILES.SGSMUSM02
(MUSIDSA, MUSALIA, MUSNOMA, MUSAPEA, MUSTDON, MUSNDOA, MUSCARA, MUSTUSN, MUSTKTA, MUSMAIA,
MUSUWEA, MUSUADC, MUSHABN, MUSAGEA, MUSLAGA, MUSVDEF, MUSVHAF, MUSVIGI, MUSCFUA, MUSUREA, 
MUSFREF, MUSBLKN, MUSSTRN)
VALUES('11EB105F-AF19-4A11-A719-19FDDE63342D', RTRIM(LTRIM('Giuliana Silva')), RTRIM(LTRIM('Giuliana Silva')), '', 1, '12345619', RTRIM(LTRIM('')), 1, NULL, RTRIM(LTRIM('gsilva@agrobanco.com.pe    ')), RTRIM(LTRIM('AGRGSGO    ')), NULL, 0, '1', '', NULL, NULL, 0, '', 'SISTEMA', CURRENT TIMESTAMP, 0, 1);

INSERT INTO AGRCYFILES.SGSPWUE01
(
 PWUIDSA, MUSIDSA, PWUPWDA, PWUACTN, PWUFCAF
)
VALUES
('726ECCEC-PW19-4853-B6B2-608XXXBFA239', '11EB105F-AF19-4A11-A719-19FDDE63342D', NULL, 1, CURRENT TIMESTAMP);

INSERT INTO AGRCYFILES.SGSAUSW04
(
 AUSUIDA, MUSIDSA, MPEUIDA, AUSSTHN, 
 AUSUREA, AUSFREF
)
VALUES
('48C170F4-AU19-44F5-AEF0-37AB9222C1B8', '11EB105F-AF19-4A11-A719-19FDDE63342D', '15534A94-B3F9-4E8E-A6EC-358E7604E40D', 1, '11EB105F-AF19-4A11-A7A6-19FDDE63342D', CURRENT TIMESTAMP);
END IF;
END;
BEGIN

IF NOT EXISTS(SELECT * FROM AGRCYFILES.SGSMUSM02 WHERE MUSUWEA = RTRIM(LTRIM('AGRIAB'))) THEN

INSERT INTO AGRCYFILES.SGSMUSM02
(MUSIDSA, MUSALIA, MUSNOMA, MUSAPEA, MUSTDON, MUSNDOA, MUSCARA, MUSTUSN, MUSTKTA, MUSMAIA,
MUSUWEA, MUSUADC, MUSHABN, MUSAGEA, MUSLAGA, MUSVDEF, MUSVHAF, MUSVIGI, MUSCFUA, MUSUREA, 
MUSFREF, MUSBLKN, MUSSTRN)
VALUES('11EB105F-AF19-4A11-A720-19FDDE63342D', RTRIM(LTRIM('Ivo Alza')), RTRIM(LTRIM('Ivo Alza')), '', 1, '12345620', RTRIM(LTRIM('')), 1, NULL, RTRIM(LTRIM('ialza@agrobanco.com.pe')), RTRIM(LTRIM('AGRIAB')), NULL, 0, '1', '', NULL, NULL, 0, '', 'SISTEMA', CURRENT TIMESTAMP, 0, 1);

INSERT INTO AGRCYFILES.SGSPWUE01
(
 PWUIDSA, MUSIDSA, PWUPWDA, PWUACTN, PWUFCAF
)
VALUES
('726ECCEC-PW20-4853-B6B2-608XXXBFA239', '11EB105F-AF19-4A11-A720-19FDDE63342D', NULL, 1, CURRENT TIMESTAMP);

INSERT INTO AGRCYFILES.SGSAUSW04
(
 AUSUIDA, MUSIDSA, MPEUIDA, AUSSTHN, 
 AUSUREA, AUSFREF
)
VALUES
('48C170F4-AU20-44F5-AEF0-37AB9222C1B8', '11EB105F-AF19-4A11-A720-19FDDE63342D', '15534A94-B3F9-4E8E-A6EC-358E7604E40D', 1, '11EB105F-AF19-4A11-A7A6-19FDDE63342D', CURRENT TIMESTAMP);
END IF;
END;
BEGIN

IF NOT EXISTS(SELECT * FROM AGRCYFILES.SGSMUSM02 WHERE MUSUWEA = RTRIM(LTRIM('AGRJVQ      '))) THEN

INSERT INTO AGRCYFILES.SGSMUSM02
(MUSIDSA, MUSALIA, MUSNOMA, MUSAPEA, MUSTDON, MUSNDOA, MUSCARA, MUSTUSN, MUSTKTA, MUSMAIA,
MUSUWEA, MUSUADC, MUSHABN, MUSAGEA, MUSLAGA, MUSVDEF, MUSVHAF, MUSVIGI, MUSCFUA, MUSUREA, 
MUSFREF, MUSBLKN, MUSSTRN)
VALUES('11EB105F-AF19-4A11-A721-19FDDE63342D', RTRIM(LTRIM('Jacqueline Valdez ')), RTRIM(LTRIM('Jacqueline Valdez ')), '', 1, '12345621', RTRIM(LTRIM('Asistente de Riesgos Creditcios')), 1, NULL, RTRIM(LTRIM('jvaldez@agrobanco.com.pe  ')), RTRIM(LTRIM('AGRJVQ      ')), NULL, 0, '1', '', NULL, NULL, 0, '', 'SISTEMA', CURRENT TIMESTAMP, 0, 1);

INSERT INTO AGRCYFILES.SGSPWUE01
(
 PWUIDSA, MUSIDSA, PWUPWDA, PWUACTN, PWUFCAF
)
VALUES
('726ECCEC-PW21-4853-B6B2-608XXXBFA239', '11EB105F-AF19-4A11-A721-19FDDE63342D', NULL, 1, CURRENT TIMESTAMP);

INSERT INTO AGRCYFILES.SGSAUSW04
(
 AUSUIDA, MUSIDSA, MPEUIDA, AUSSTHN, 
 AUSUREA, AUSFREF
)
VALUES
('48C170F4-AU21-44F5-AEF0-37AB9222C1B8', '11EB105F-AF19-4A11-A721-19FDDE63342D', '15534A94-B3F9-4E8E-A6EC-358E7604E40D', 1, '11EB105F-AF19-4A11-A7A6-19FDDE63342D', CURRENT TIMESTAMP);
END IF;
END;
BEGIN

IF NOT EXISTS(SELECT * FROM AGRCYFILES.SGSMUSM02 WHERE MUSUWEA = RTRIM(LTRIM('AGRJSM'))) THEN

INSERT INTO AGRCYFILES.SGSMUSM02
(MUSIDSA, MUSALIA, MUSNOMA, MUSAPEA, MUSTDON, MUSNDOA, MUSCARA, MUSTUSN, MUSTKTA, MUSMAIA,
MUSUWEA, MUSUADC, MUSHABN, MUSAGEA, MUSLAGA, MUSVDEF, MUSVHAF, MUSVIGI, MUSCFUA, MUSUREA, 
MUSFREF, MUSBLKN, MUSSTRN)
VALUES('11EB105F-AF19-4A11-A722-19FDDE63342D', RTRIM(LTRIM('Javier Solís')), RTRIM(LTRIM('Javier Solís')), '', 1, '12345622', RTRIM(LTRIM('')), 1, NULL, RTRIM(LTRIM('jsolis@agrobanco.com.pe')), RTRIM(LTRIM('AGRJSM')), NULL, 0, '1', '', NULL, NULL, 0, '', 'SISTEMA', CURRENT TIMESTAMP, 0, 1);

INSERT INTO AGRCYFILES.SGSPWUE01
(
 PWUIDSA, MUSIDSA, PWUPWDA, PWUACTN, PWUFCAF
)
VALUES
('726ECCEC-PW22-4853-B6B2-608XXXBFA239', '11EB105F-AF19-4A11-A722-19FDDE63342D', NULL, 1, CURRENT TIMESTAMP);

INSERT INTO AGRCYFILES.SGSAUSW04
(
 AUSUIDA, MUSIDSA, MPEUIDA, AUSSTHN, 
 AUSUREA, AUSFREF
)
VALUES
('48C170F4-AU22-44F5-AEF0-37AB9222C1B8', '11EB105F-AF19-4A11-A722-19FDDE63342D', '15534A94-B3F9-4E8E-A6EC-358E7604E40D', 1, '11EB105F-AF19-4A11-A7A6-19FDDE63342D', CURRENT TIMESTAMP);
END IF;
END;
BEGIN

IF NOT EXISTS(SELECT * FROM AGRCYFILES.SGSMUSM02 WHERE MUSUWEA = RTRIM(LTRIM('AGRJGROJ     '))) THEN

INSERT INTO AGRCYFILES.SGSMUSM02
(MUSIDSA, MUSALIA, MUSNOMA, MUSAPEA, MUSTDON, MUSNDOA, MUSCARA, MUSTUSN, MUSTKTA, MUSMAIA,
MUSUWEA, MUSUADC, MUSHABN, MUSAGEA, MUSLAGA, MUSVDEF, MUSVHAF, MUSVIGI, MUSCFUA, MUSUREA, 
MUSFREF, MUSBLKN, MUSSTRN)
VALUES('11EB105F-AF19-4A11-A723-19FDDE63342D', RTRIM(LTRIM('Jesús Gómez Rojas')), RTRIM(LTRIM('Jesús Gómez Rojas')), '', 1, '12345623', RTRIM(LTRIM('Analista de la Oficialía de Cumplimiento')), 1, NULL, RTRIM(LTRIM('jgomezr@agrobanco.com.pe    ')), RTRIM(LTRIM('AGRJGROJ     ')), NULL, 0, '1', '', NULL, NULL, 0, '', 'SISTEMA', CURRENT TIMESTAMP, 0, 1);

INSERT INTO AGRCYFILES.SGSPWUE01
(
 PWUIDSA, MUSIDSA, PWUPWDA, PWUACTN, PWUFCAF
)
VALUES
('726ECCEC-PW23-4853-B6B2-608XXXBFA239', '11EB105F-AF19-4A11-A723-19FDDE63342D', NULL, 1, CURRENT TIMESTAMP);

INSERT INTO AGRCYFILES.SGSAUSW04
(
 AUSUIDA, MUSIDSA, MPEUIDA, AUSSTHN, 
 AUSUREA, AUSFREF
)
VALUES
('48C170F4-AU23-44F5-AEF0-37AB9222C1B8', '11EB105F-AF19-4A11-A723-19FDDE63342D', '15534A94-B3F9-4E8E-A6EC-358E7604E40D', 1, '11EB105F-AF19-4A11-A7A6-19FDDE63342D', CURRENT TIMESTAMP);
END IF;
END;
BEGIN

IF NOT EXISTS(SELECT * FROM AGRCYFILES.SGSMUSM02 WHERE MUSUWEA = RTRIM(LTRIM('AGRJCG'))) THEN

INSERT INTO AGRCYFILES.SGSMUSM02
(MUSIDSA, MUSALIA, MUSNOMA, MUSAPEA, MUSTDON, MUSNDOA, MUSCARA, MUSTUSN, MUSTKTA, MUSMAIA,
MUSUWEA, MUSUADC, MUSHABN, MUSAGEA, MUSLAGA, MUSVDEF, MUSVHAF, MUSVIGI, MUSCFUA, MUSUREA, 
MUSFREF, MUSBLKN, MUSSTRN)
VALUES('11EB105F-AF19-4A11-A724-19FDDE63342D', RTRIM(LTRIM('Jonathan Cayllagua')), RTRIM(LTRIM('Jonathan Cayllagua')), '', 1, '12345624', RTRIM(LTRIM('Coordinador')), 1, NULL, RTRIM(LTRIM('jcayllahua@agrobanco.com.pe')), RTRIM(LTRIM('AGRJCG')), NULL, 0, '1', '', NULL, NULL, 0, '', 'SISTEMA', CURRENT TIMESTAMP, 0, 1);

INSERT INTO AGRCYFILES.SGSPWUE01
(
 PWUIDSA, MUSIDSA, PWUPWDA, PWUACTN, PWUFCAF
)
VALUES
('726ECCEC-PW24-4853-B6B2-608XXXBFA239', '11EB105F-AF19-4A11-A724-19FDDE63342D', NULL, 1, CURRENT TIMESTAMP);

INSERT INTO AGRCYFILES.SGSAUSW04
(
 AUSUIDA, MUSIDSA, MPEUIDA, AUSSTHN, 
 AUSUREA, AUSFREF
)
VALUES
('48C170F4-AU24-44F5-AEF0-37AB9222C1B8', '11EB105F-AF19-4A11-A724-19FDDE63342D', '15534A94-B3F9-4E8E-A6EC-358E7604E40D', 1, '11EB105F-AF19-4A11-A7A6-19FDDE63342D', CURRENT TIMESTAMP);
END IF;
END;
BEGIN

IF NOT EXISTS(SELECT * FROM AGRCYFILES.SGSMUSM02 WHERE MUSUWEA = RTRIM(LTRIM('AGRJUM   '))) THEN

INSERT INTO AGRCYFILES.SGSMUSM02
(MUSIDSA, MUSALIA, MUSNOMA, MUSAPEA, MUSTDON, MUSNDOA, MUSCARA, MUSTUSN, MUSTKTA, MUSMAIA,
MUSUWEA, MUSUADC, MUSHABN, MUSAGEA, MUSLAGA, MUSVDEF, MUSVHAF, MUSVIGI, MUSCFUA, MUSUREA, 
MUSFREF, MUSBLKN, MUSSTRN)
VALUES('11EB105F-AF19-4A11-A725-19FDDE63342D', RTRIM(LTRIM('Jonathan Uribe')), RTRIM(LTRIM('Jonathan Uribe')), '', 1, '12345625', RTRIM(LTRIM('Analista Contable')), 1, NULL, RTRIM(LTRIM('juribe@agrobanco.com.pe     ')), RTRIM(LTRIM('AGRJUM   ')), NULL, 0, '1', '', NULL, NULL, 0, '', 'SISTEMA', CURRENT TIMESTAMP, 0, 1);

INSERT INTO AGRCYFILES.SGSPWUE01
(
 PWUIDSA, MUSIDSA, PWUPWDA, PWUACTN, PWUFCAF
)
VALUES
('726ECCEC-PW25-4853-B6B2-608XXXBFA239', '11EB105F-AF19-4A11-A725-19FDDE63342D', NULL, 1, CURRENT TIMESTAMP);

INSERT INTO AGRCYFILES.SGSAUSW04
(
 AUSUIDA, MUSIDSA, MPEUIDA, AUSSTHN, 
 AUSUREA, AUSFREF
)
VALUES
('48C170F4-AU25-44F5-AEF0-37AB9222C1B8', '11EB105F-AF19-4A11-A725-19FDDE63342D', '15534A94-B3F9-4E8E-A6EC-358E7604E40D', 1, '11EB105F-AF19-4A11-A7A6-19FDDE63342D', CURRENT TIMESTAMP);
END IF;
END;
BEGIN

IF NOT EXISTS(SELECT * FROM AGRCYFILES.SGSMUSM02 WHERE MUSUWEA = RTRIM(LTRIM('AGRJCZ'))) THEN

INSERT INTO AGRCYFILES.SGSMUSM02
(MUSIDSA, MUSALIA, MUSNOMA, MUSAPEA, MUSTDON, MUSNDOA, MUSCARA, MUSTUSN, MUSTKTA, MUSMAIA,
MUSUWEA, MUSUADC, MUSHABN, MUSAGEA, MUSLAGA, MUSVDEF, MUSVHAF, MUSVIGI, MUSCFUA, MUSUREA, 
MUSFREF, MUSBLKN, MUSSTRN)
VALUES('11EB105F-AF19-4A11-A726-19FDDE63342D', RTRIM(LTRIM('Jorge Cárdenas')), RTRIM(LTRIM('Jorge Cárdenas')), '', 1, '12345626', RTRIM(LTRIM('')), 1, NULL, RTRIM(LTRIM('jcardenas@agrobanco.com.pe')), RTRIM(LTRIM('AGRJCZ')), NULL, 0, '1', '', NULL, NULL, 0, '', 'SISTEMA', CURRENT TIMESTAMP, 0, 1);

INSERT INTO AGRCYFILES.SGSPWUE01
(
 PWUIDSA, MUSIDSA, PWUPWDA, PWUACTN, PWUFCAF
)
VALUES
('726ECCEC-PW26-4853-B6B2-608XXXBFA239', '11EB105F-AF19-4A11-A726-19FDDE63342D', NULL, 1, CURRENT TIMESTAMP);

INSERT INTO AGRCYFILES.SGSAUSW04
(
 AUSUIDA, MUSIDSA, MPEUIDA, AUSSTHN, 
 AUSUREA, AUSFREF
)
VALUES
('48C170F4-AU26-44F5-AEF0-37AB9222C1B8', '11EB105F-AF19-4A11-A726-19FDDE63342D', '15534A94-B3F9-4E8E-A6EC-358E7604E40D', 1, '11EB105F-AF19-4A11-A7A6-19FDDE63342D', CURRENT TIMESTAMP);
END IF;
END;
BEGIN

IF NOT EXISTS(SELECT * FROM AGRCYFILES.SGSMUSM02 WHERE MUSUWEA = RTRIM(LTRIM('AGRJNV     '))) THEN

INSERT INTO AGRCYFILES.SGSMUSM02
(MUSIDSA, MUSALIA, MUSNOMA, MUSAPEA, MUSTDON, MUSNDOA, MUSCARA, MUSTUSN, MUSTKTA, MUSMAIA,
MUSUWEA, MUSUADC, MUSHABN, MUSAGEA, MUSLAGA, MUSVDEF, MUSVHAF, MUSVIGI, MUSCFUA, MUSUREA, 
MUSFREF, MUSBLKN, MUSSTRN)
VALUES('11EB105F-AF19-4A11-A727-19FDDE63342D', RTRIM(LTRIM('José Núñez')), RTRIM(LTRIM('José Núñez')), '', 1, '12345627', RTRIM(LTRIM('Supervisor de Gestión de Cobranza Judicial')), 1, NULL, RTRIM(LTRIM('jnunez@agrobanco.com.pe             ')), RTRIM(LTRIM('AGRJNV     ')), NULL, 0, '1', '', NULL, NULL, 0, '', 'SISTEMA', CURRENT TIMESTAMP, 0, 1);

INSERT INTO AGRCYFILES.SGSPWUE01
(
 PWUIDSA, MUSIDSA, PWUPWDA, PWUACTN, PWUFCAF
)
VALUES
('726ECCEC-PW27-4853-B6B2-608XXXBFA239', '11EB105F-AF19-4A11-A727-19FDDE63342D', NULL, 1, CURRENT TIMESTAMP);

INSERT INTO AGRCYFILES.SGSAUSW04
(
 AUSUIDA, MUSIDSA, MPEUIDA, AUSSTHN, 
 AUSUREA, AUSFREF
)
VALUES
('48C170F4-AU27-44F5-AEF0-37AB9222C1B8', '11EB105F-AF19-4A11-A727-19FDDE63342D', '15534A94-B3F9-4E8E-A6EC-358E7604E40D', 1, '11EB105F-AF19-4A11-A7A6-19FDDE63342D', CURRENT TIMESTAMP);
END IF;
END;
BEGIN

IF NOT EXISTS(SELECT * FROM AGRCYFILES.SGSMUSM02 WHERE MUSUWEA = RTRIM(LTRIM('AGRJAC  '))) THEN

INSERT INTO AGRCYFILES.SGSMUSM02
(MUSIDSA, MUSALIA, MUSNOMA, MUSAPEA, MUSTDON, MUSNDOA, MUSCARA, MUSTUSN, MUSTKTA, MUSMAIA,
MUSUWEA, MUSUADC, MUSHABN, MUSAGEA, MUSLAGA, MUSVDEF, MUSVHAF, MUSVIGI, MUSCFUA, MUSUREA, 
MUSFREF, MUSBLKN, MUSSTRN)
VALUES('11EB105F-AF19-4A11-A728-19FDDE63342D', RTRIM(LTRIM('Juan Aranda')), RTRIM(LTRIM('Juan Aranda')), '', 1, '12345628', RTRIM(LTRIM('Analista Contable')), 1, NULL, RTRIM(LTRIM('jaranda@agrobanco.com.pe     ')), RTRIM(LTRIM('AGRJAC  ')), NULL, 0, '1', '', NULL, NULL, 0, '', 'SISTEMA', CURRENT TIMESTAMP, 0, 1);

INSERT INTO AGRCYFILES.SGSPWUE01
(
 PWUIDSA, MUSIDSA, PWUPWDA, PWUACTN, PWUFCAF
)
VALUES
('726ECCEC-PW28-4853-B6B2-608XXXBFA239', '11EB105F-AF19-4A11-A728-19FDDE63342D', NULL, 1, CURRENT TIMESTAMP);

INSERT INTO AGRCYFILES.SGSAUSW04
(
 AUSUIDA, MUSIDSA, MPEUIDA, AUSSTHN, 
 AUSUREA, AUSFREF
)
VALUES
('48C170F4-AU28-44F5-AEF0-37AB9222C1B8', '11EB105F-AF19-4A11-A728-19FDDE63342D', '15534A94-B3F9-4E8E-A6EC-358E7604E40D', 1, '11EB105F-AF19-4A11-A7A6-19FDDE63342D', CURRENT TIMESTAMP);
END IF;
END;
BEGIN

IF NOT EXISTS(SELECT * FROM AGRCYFILES.SGSMUSM02 WHERE MUSUWEA = RTRIM(LTRIM('AGRJEV'))) THEN

INSERT INTO AGRCYFILES.SGSMUSM02
(MUSIDSA, MUSALIA, MUSNOMA, MUSAPEA, MUSTDON, MUSNDOA, MUSCARA, MUSTUSN, MUSTKTA, MUSMAIA,
MUSUWEA, MUSUADC, MUSHABN, MUSAGEA, MUSLAGA, MUSVDEF, MUSVHAF, MUSVIGI, MUSCFUA, MUSUREA, 
MUSFREF, MUSBLKN, MUSSTRN)
VALUES('11EB105F-AF19-4A11-A729-19FDDE63342D', RTRIM(LTRIM('Juan Carlos Espinoza')), RTRIM(LTRIM('Juan Carlos Espinoza')), '', 1, '12345629', RTRIM(LTRIM('')), 1, NULL, RTRIM(LTRIM('jespinozav@agrobanco.com.pe')), RTRIM(LTRIM('AGRJEV')), NULL, 0, '1', '', NULL, NULL, 0, '', 'SISTEMA', CURRENT TIMESTAMP, 0, 1);

INSERT INTO AGRCYFILES.SGSPWUE01
(
 PWUIDSA, MUSIDSA, PWUPWDA, PWUACTN, PWUFCAF
)
VALUES
('726ECCEC-PW29-4853-B6B2-608XXXBFA239', '11EB105F-AF19-4A11-A729-19FDDE63342D', NULL, 1, CURRENT TIMESTAMP);

INSERT INTO AGRCYFILES.SGSAUSW04
(
 AUSUIDA, MUSIDSA, MPEUIDA, AUSSTHN, 
 AUSUREA, AUSFREF
)
VALUES
('48C170F4-AU29-44F5-AEF0-37AB9222C1B8', '11EB105F-AF19-4A11-A729-19FDDE63342D', '15534A94-B3F9-4E8E-A6EC-358E7604E40D', 1, '11EB105F-AF19-4A11-A7A6-19FDDE63342D', CURRENT TIMESTAMP);
END IF;
END;
BEGIN

IF NOT EXISTS(SELECT * FROM AGRCYFILES.SGSMUSM02 WHERE MUSUWEA = RTRIM(LTRIM('AGRKRM'))) THEN

INSERT INTO AGRCYFILES.SGSMUSM02
(MUSIDSA, MUSALIA, MUSNOMA, MUSAPEA, MUSTDON, MUSNDOA, MUSCARA, MUSTUSN, MUSTKTA, MUSMAIA,
MUSUWEA, MUSUADC, MUSHABN, MUSAGEA, MUSLAGA, MUSVDEF, MUSVHAF, MUSVIGI, MUSCFUA, MUSUREA, 
MUSFREF, MUSBLKN, MUSSTRN)
VALUES('11EB105F-AF19-4A11-A730-19FDDE63342D', RTRIM(LTRIM('Karen Rojas')), RTRIM(LTRIM('Karen Rojas')), '', 1, '12345630', RTRIM(LTRIM('Jefe de Buen Gobierno Corporativo')), 1, NULL, RTRIM(LTRIM('krojas@agrobanco.com.pe')), RTRIM(LTRIM('AGRKRM')), NULL, 0, '1', '', NULL, NULL, 0, '', 'SISTEMA', CURRENT TIMESTAMP, 0, 1);

INSERT INTO AGRCYFILES.SGSPWUE01
(
 PWUIDSA, MUSIDSA, PWUPWDA, PWUACTN, PWUFCAF
)
VALUES
('726ECCEC-PW30-4853-B6B2-608XXXBFA239', '11EB105F-AF19-4A11-A730-19FDDE63342D', NULL, 1, CURRENT TIMESTAMP);

INSERT INTO AGRCYFILES.SGSAUSW04
(
 AUSUIDA, MUSIDSA, MPEUIDA, AUSSTHN, 
 AUSUREA, AUSFREF
)
VALUES
('48C170F4-AU30-44F5-AEF0-37AB9222C1B8', '11EB105F-AF19-4A11-A730-19FDDE63342D', '13BF634A-674F-43B7-9DBE-47F492DF8203', 1, '11EB105F-AF19-4A11-A7A6-19FDDE63342D', CURRENT TIMESTAMP);
END IF;
END;
BEGIN

IF NOT EXISTS(SELECT * FROM AGRCYFILES.SGSMUSM02 WHERE MUSUWEA = RTRIM(LTRIM('AGRKCR     '))) THEN

INSERT INTO AGRCYFILES.SGSMUSM02
(MUSIDSA, MUSALIA, MUSNOMA, MUSAPEA, MUSTDON, MUSNDOA, MUSCARA, MUSTUSN, MUSTKTA, MUSMAIA,
MUSUWEA, MUSUADC, MUSHABN, MUSAGEA, MUSLAGA, MUSVDEF, MUSVHAF, MUSVIGI, MUSCFUA, MUSUREA, 
MUSFREF, MUSBLKN, MUSSTRN)
VALUES('11EB105F-AF19-4A11-A731-19FDDE63342D', RTRIM(LTRIM('Kelly Cáceres')), RTRIM(LTRIM('Kelly Cáceres')), '', 1, '12345631', RTRIM(LTRIM('Asistente de Negocios')), 1, NULL, RTRIM(LTRIM('kcaceres@agrobanco.com.pe     ')), RTRIM(LTRIM('AGRKCR     ')), NULL, 0, '1', '', NULL, NULL, 0, '', 'SISTEMA', CURRENT TIMESTAMP, 0, 1);

INSERT INTO AGRCYFILES.SGSPWUE01
(
 PWUIDSA, MUSIDSA, PWUPWDA, PWUACTN, PWUFCAF
)
VALUES
('726ECCEC-PW31-4853-B6B2-608XXXBFA239', '11EB105F-AF19-4A11-A731-19FDDE63342D', NULL, 1, CURRENT TIMESTAMP);

INSERT INTO AGRCYFILES.SGSAUSW04
(
 AUSUIDA, MUSIDSA, MPEUIDA, AUSSTHN, 
 AUSUREA, AUSFREF
)
VALUES
('48C170F4-AU31-44F5-AEF0-37AB9222C1B8', '11EB105F-AF19-4A11-A731-19FDDE63342D', '15534A94-B3F9-4E8E-A6EC-358E7604E40D', 1, '11EB105F-AF19-4A11-A7A6-19FDDE63342D', CURRENT TIMESTAMP);
END IF;
END;
BEGIN

IF NOT EXISTS(SELECT * FROM AGRCYFILES.SGSMUSM02 WHERE MUSUWEA = RTRIM(LTRIM('AGRLJA       '))) THEN

INSERT INTO AGRCYFILES.SGSMUSM02
(MUSIDSA, MUSALIA, MUSNOMA, MUSAPEA, MUSTDON, MUSNDOA, MUSCARA, MUSTUSN, MUSTKTA, MUSMAIA,
MUSUWEA, MUSUADC, MUSHABN, MUSAGEA, MUSLAGA, MUSVDEF, MUSVHAF, MUSVIGI, MUSCFUA, MUSUREA, 
MUSFREF, MUSBLKN, MUSSTRN)
VALUES('11EB105F-AF19-4A11-A732-19FDDE63342D', RTRIM(LTRIM('Laura Jara')), RTRIM(LTRIM('Laura Jara')), '', 1, '12345632', RTRIM(LTRIM('')), 1, NULL, RTRIM(LTRIM('ljara@agrobanco.com.pe   ')), RTRIM(LTRIM('AGRLJA       ')), NULL, 0, '1', '', NULL, NULL, 0, '', 'SISTEMA', CURRENT TIMESTAMP, 0, 1);

INSERT INTO AGRCYFILES.SGSPWUE01
(
 PWUIDSA, MUSIDSA, PWUPWDA, PWUACTN, PWUFCAF
)
VALUES
('726ECCEC-PW32-4853-B6B2-608XXXBFA239', '11EB105F-AF19-4A11-A732-19FDDE63342D', NULL, 1, CURRENT TIMESTAMP);

INSERT INTO AGRCYFILES.SGSAUSW04
(
 AUSUIDA, MUSIDSA, MPEUIDA, AUSSTHN, 
 AUSUREA, AUSFREF
)
VALUES
('48C170F4-AU32-44F5-AEF0-37AB9222C1B8', '11EB105F-AF19-4A11-A732-19FDDE63342D', '15534A94-B3F9-4E8E-A6EC-358E7604E40D', 1, '11EB105F-AF19-4A11-A7A6-19FDDE63342D', CURRENT TIMESTAMP);
END IF;
END;
BEGIN

IF NOT EXISTS(SELECT * FROM AGRCYFILES.SGSMUSM02 WHERE MUSUWEA = RTRIM(LTRIM('AGRLCN  '))) THEN

INSERT INTO AGRCYFILES.SGSMUSM02
(MUSIDSA, MUSALIA, MUSNOMA, MUSAPEA, MUSTDON, MUSNDOA, MUSCARA, MUSTUSN, MUSTKTA, MUSMAIA,
MUSUWEA, MUSUADC, MUSHABN, MUSAGEA, MUSLAGA, MUSVDEF, MUSVHAF, MUSVIGI, MUSCFUA, MUSUREA, 
MUSFREF, MUSBLKN, MUSSTRN)
VALUES('11EB105F-AF19-4A11-A733-19FDDE63342D', RTRIM(LTRIM('Lenny Carbonel')), RTRIM(LTRIM('Lenny Carbonel')), '', 1, '12345633', RTRIM(LTRIM('Jefe de Imagen Institucional')), 1, NULL, RTRIM(LTRIM('lcarbonel@agrobanco.com.pe ')), RTRIM(LTRIM('AGRLCN  ')), NULL, 0, '1', '', NULL, NULL, 0, '', 'SISTEMA', CURRENT TIMESTAMP, 0, 1);

INSERT INTO AGRCYFILES.SGSPWUE01
(
 PWUIDSA, MUSIDSA, PWUPWDA, PWUACTN, PWUFCAF
)
VALUES
('726ECCEC-PW33-4853-B6B2-608XXXBFA239', '11EB105F-AF19-4A11-A733-19FDDE63342D', NULL, 1, CURRENT TIMESTAMP);

INSERT INTO AGRCYFILES.SGSAUSW04
(
 AUSUIDA, MUSIDSA, MPEUIDA, AUSSTHN, 
 AUSUREA, AUSFREF
)
VALUES
('48C170F4-AU33-44F5-AEF0-37AB9222C1B8', '11EB105F-AF19-4A11-A733-19FDDE63342D', '15534A94-B3F9-4E8E-A6EC-358E7604E40D', 1, '11EB105F-AF19-4A11-A7A6-19FDDE63342D', CURRENT TIMESTAMP);
END IF;
END;
BEGIN

IF NOT EXISTS(SELECT * FROM AGRCYFILES.SGSMUSM02 WHERE MUSUWEA = RTRIM(LTRIM('AGRLSG  '))) THEN

INSERT INTO AGRCYFILES.SGSMUSM02
(MUSIDSA, MUSALIA, MUSNOMA, MUSAPEA, MUSTDON, MUSNDOA, MUSCARA, MUSTUSN, MUSTKTA, MUSMAIA,
MUSUWEA, MUSUADC, MUSHABN, MUSAGEA, MUSLAGA, MUSVDEF, MUSVHAF, MUSVIGI, MUSCFUA, MUSUREA, 
MUSFREF, MUSBLKN, MUSSTRN)
VALUES('11EB105F-AF19-4A11-A734-19FDDE63342D', RTRIM(LTRIM('Leonardo Sánchez')), RTRIM(LTRIM('Leonardo Sánchez')), '', 1, '12345634', RTRIM(LTRIM('Analista Contable')), 1, NULL, RTRIM(LTRIM('lgsanchez@agrobanco.com.pe ')), RTRIM(LTRIM('AGRLSG  ')), NULL, 0, '1', '', NULL, NULL, 0, '', 'SISTEMA', CURRENT TIMESTAMP, 0, 1);

INSERT INTO AGRCYFILES.SGSPWUE01
(
 PWUIDSA, MUSIDSA, PWUPWDA, PWUACTN, PWUFCAF
)
VALUES
('726ECCEC-PW34-4853-B6B2-608XXXBFA239', '11EB105F-AF19-4A11-A734-19FDDE63342D', NULL, 1, CURRENT TIMESTAMP);

INSERT INTO AGRCYFILES.SGSAUSW04
(
 AUSUIDA, MUSIDSA, MPEUIDA, AUSSTHN, 
 AUSUREA, AUSFREF
)
VALUES
('48C170F4-AU34-44F5-AEF0-37AB9222C1B8', '11EB105F-AF19-4A11-A734-19FDDE63342D', '15534A94-B3F9-4E8E-A6EC-358E7604E40D', 1, '11EB105F-AF19-4A11-A7A6-19FDDE63342D', CURRENT TIMESTAMP);
END IF;
END;
BEGIN

IF NOT EXISTS(SELECT * FROM AGRCYFILES.SGSMUSM02 WHERE MUSUWEA = RTRIM(LTRIM('AGRYZP     '))) THEN

INSERT INTO AGRCYFILES.SGSMUSM02
(MUSIDSA, MUSALIA, MUSNOMA, MUSAPEA, MUSTDON, MUSNDOA, MUSCARA, MUSTUSN, MUSTKTA, MUSMAIA,
MUSUWEA, MUSUADC, MUSHABN, MUSAGEA, MUSLAGA, MUSVDEF, MUSVHAF, MUSVIGI, MUSCFUA, MUSUREA, 
MUSFREF, MUSBLKN, MUSSTRN)
VALUES('11EB105F-AF19-4A11-A735-19FDDE63342D', RTRIM(LTRIM('Lisbeth Zapata')), RTRIM(LTRIM('Lisbeth Zapata')), '', 1, '12345635', RTRIM(LTRIM('Analista Contable')), 1, NULL, RTRIM(LTRIM('yzapata@agrobanco.com.pe       ')), RTRIM(LTRIM('AGRYZP     ')), NULL, 0, '1', '', NULL, NULL, 0, '', 'SISTEMA', CURRENT TIMESTAMP, 0, 1);

INSERT INTO AGRCYFILES.SGSPWUE01
(
 PWUIDSA, MUSIDSA, PWUPWDA, PWUACTN, PWUFCAF
)
VALUES
('726ECCEC-PW35-4853-B6B2-608XXXBFA239', '11EB105F-AF19-4A11-A735-19FDDE63342D', NULL, 1, CURRENT TIMESTAMP);

INSERT INTO AGRCYFILES.SGSAUSW04
(
 AUSUIDA, MUSIDSA, MPEUIDA, AUSSTHN, 
 AUSUREA, AUSFREF
)
VALUES
('48C170F4-AU35-44F5-AEF0-37AB9222C1B8', '11EB105F-AF19-4A11-A735-19FDDE63342D', '15534A94-B3F9-4E8E-A6EC-358E7604E40D', 1, '11EB105F-AF19-4A11-A7A6-19FDDE63342D', CURRENT TIMESTAMP);
END IF;
END;
BEGIN

IF NOT EXISTS(SELECT * FROM AGRCYFILES.SGSMUSM02 WHERE MUSUWEA = RTRIM(LTRIM('AGRLVS'))) THEN

INSERT INTO AGRCYFILES.SGSMUSM02
(MUSIDSA, MUSALIA, MUSNOMA, MUSAPEA, MUSTDON, MUSNDOA, MUSCARA, MUSTUSN, MUSTKTA, MUSMAIA,
MUSUWEA, MUSUADC, MUSHABN, MUSAGEA, MUSLAGA, MUSVDEF, MUSVHAF, MUSVIGI, MUSCFUA, MUSUREA, 
MUSFREF, MUSBLKN, MUSSTRN)
VALUES('11EB105F-AF19-4A11-A736-19FDDE63342D', RTRIM(LTRIM('Luis Venero')), RTRIM(LTRIM('Luis Venero')), '', 1, '12345636', RTRIM(LTRIM('')), 1, NULL, RTRIM(LTRIM('lvenero@agrobanco.com.pe')), RTRIM(LTRIM('AGRLVS')), NULL, 0, '1', '', NULL, NULL, 0, '', 'SISTEMA', CURRENT TIMESTAMP, 0, 1);

INSERT INTO AGRCYFILES.SGSPWUE01
(
 PWUIDSA, MUSIDSA, PWUPWDA, PWUACTN, PWUFCAF
)
VALUES
('726ECCEC-PW36-4853-B6B2-608XXXBFA239', '11EB105F-AF19-4A11-A736-19FDDE63342D', NULL, 1, CURRENT TIMESTAMP);

INSERT INTO AGRCYFILES.SGSAUSW04
(
 AUSUIDA, MUSIDSA, MPEUIDA, AUSSTHN, 
 AUSUREA, AUSFREF
)
VALUES
('48C170F4-AU36-44F5-AEF0-37AB9222C1B8', '11EB105F-AF19-4A11-A736-19FDDE63342D', '15534A94-B3F9-4E8E-A6EC-358E7604E40D', 1, '11EB105F-AF19-4A11-A7A6-19FDDE63342D', CURRENT TIMESTAMP);
END IF;
END;
BEGIN

IF NOT EXISTS(SELECT * FROM AGRCYFILES.SGSMUSM02 WHERE MUSUWEA = RTRIM(LTRIM('AGRMCB   '))) THEN

INSERT INTO AGRCYFILES.SGSMUSM02
(MUSIDSA, MUSALIA, MUSNOMA, MUSAPEA, MUSTDON, MUSNDOA, MUSCARA, MUSTUSN, MUSTKTA, MUSMAIA,
MUSUWEA, MUSUADC, MUSHABN, MUSAGEA, MUSLAGA, MUSVDEF, MUSVHAF, MUSVIGI, MUSCFUA, MUSUREA, 
MUSFREF, MUSBLKN, MUSSTRN)
VALUES('11EB105F-AF19-4A11-A737-19FDDE63342D', RTRIM(LTRIM('Mario Chumpitaz')), RTRIM(LTRIM('Mario Chumpitaz')), '', 1, '12345637', RTRIM(LTRIM('')), 1, NULL, RTRIM(LTRIM('mchumpitaz@agrobanco.com.pe     ')), RTRIM(LTRIM('AGRMCB   ')), NULL, 0, '1', '', NULL, NULL, 0, '', 'SISTEMA', CURRENT TIMESTAMP, 0, 1);

INSERT INTO AGRCYFILES.SGSPWUE01
(
 PWUIDSA, MUSIDSA, PWUPWDA, PWUACTN, PWUFCAF
)
VALUES
('726ECCEC-PW37-4853-B6B2-608XXXBFA239', '11EB105F-AF19-4A11-A737-19FDDE63342D', NULL, 1, CURRENT TIMESTAMP);

INSERT INTO AGRCYFILES.SGSAUSW04
(
 AUSUIDA, MUSIDSA, MPEUIDA, AUSSTHN, 
 AUSUREA, AUSFREF
)
VALUES
('48C170F4-AU37-44F5-AEF0-37AB9222C1B8', '11EB105F-AF19-4A11-A737-19FDDE63342D', '15534A94-B3F9-4E8E-A6EC-358E7604E40D', 1, '11EB105F-AF19-4A11-A7A6-19FDDE63342D', CURRENT TIMESTAMP);
END IF;
END;
BEGIN

IF NOT EXISTS(SELECT * FROM AGRCYFILES.SGSMUSM02 WHERE MUSUWEA = RTRIM(LTRIM('AGRMEC        '))) THEN

INSERT INTO AGRCYFILES.SGSMUSM02
(MUSIDSA, MUSALIA, MUSNOMA, MUSAPEA, MUSTDON, MUSNDOA, MUSCARA, MUSTUSN, MUSTKTA, MUSMAIA,
MUSUWEA, MUSUADC, MUSHABN, MUSAGEA, MUSLAGA, MUSVDEF, MUSVHAF, MUSVIGI, MUSCFUA, MUSUREA, 
MUSFREF, MUSBLKN, MUSSTRN)
VALUES('11EB105F-AF19-4A11-A738-19FDDE63342D', RTRIM(LTRIM('Marisol Escudero')), RTRIM(LTRIM('Marisol Escudero')), '', 1, '12345638', RTRIM(LTRIM('Coordinadora')), 1, NULL, RTRIM(LTRIM('mescudero@agrobanco.com.pe    ')), RTRIM(LTRIM('AGRMEC        ')), NULL, 0, '1', '', NULL, NULL, 0, '', 'SISTEMA', CURRENT TIMESTAMP, 0, 1);

INSERT INTO AGRCYFILES.SGSPWUE01
(
 PWUIDSA, MUSIDSA, PWUPWDA, PWUACTN, PWUFCAF
)
VALUES
('726ECCEC-PW38-4853-B6B2-608XXXBFA239', '11EB105F-AF19-4A11-A738-19FDDE63342D', NULL, 1, CURRENT TIMESTAMP);

INSERT INTO AGRCYFILES.SGSAUSW04
(
 AUSUIDA, MUSIDSA, MPEUIDA, AUSSTHN, 
 AUSUREA, AUSFREF
)
VALUES
('48C170F4-AU38-44F5-AEF0-37AB9222C1B8', '11EB105F-AF19-4A11-A738-19FDDE63342D', '15534A94-B3F9-4E8E-A6EC-358E7604E40D', 1, '11EB105F-AF19-4A11-A7A6-19FDDE63342D', CURRENT TIMESTAMP);
END IF;
END;
BEGIN

IF NOT EXISTS(SELECT * FROM AGRCYFILES.SGSMUSM02 WHERE MUSUWEA = RTRIM(LTRIM('AGRMVC   '))) THEN

INSERT INTO AGRCYFILES.SGSMUSM02
(MUSIDSA, MUSALIA, MUSNOMA, MUSAPEA, MUSTDON, MUSNDOA, MUSCARA, MUSTUSN, MUSTKTA, MUSMAIA,
MUSUWEA, MUSUADC, MUSHABN, MUSAGEA, MUSLAGA, MUSVDEF, MUSVHAF, MUSVIGI, MUSCFUA, MUSUREA, 
MUSFREF, MUSBLKN, MUSSTRN)
VALUES('11EB105F-AF19-4A11-A739-19FDDE63342D', RTRIM(LTRIM('Marita Valencia')), RTRIM(LTRIM('Marita Valencia')), '', 1, '12345639', RTRIM(LTRIM('')), 1, NULL, RTRIM(LTRIM('mvalencia@agrobanco.com.pe       ')), RTRIM(LTRIM('AGRMVC   ')), NULL, 0, '1', '', NULL, NULL, 0, '', 'SISTEMA', CURRENT TIMESTAMP, 0, 1);

INSERT INTO AGRCYFILES.SGSPWUE01
(
 PWUIDSA, MUSIDSA, PWUPWDA, PWUACTN, PWUFCAF
)
VALUES
('726ECCEC-PW39-4853-B6B2-608XXXBFA239', '11EB105F-AF19-4A11-A739-19FDDE63342D', NULL, 1, CURRENT TIMESTAMP);

INSERT INTO AGRCYFILES.SGSAUSW04
(
 AUSUIDA, MUSIDSA, MPEUIDA, AUSSTHN, 
 AUSUREA, AUSFREF
)
VALUES
('48C170F4-AU39-44F5-AEF0-37AB9222C1B8', '11EB105F-AF19-4A11-A739-19FDDE63342D', '15534A94-B3F9-4E8E-A6EC-358E7604E40D', 1, '11EB105F-AF19-4A11-A7A6-19FDDE63342D', CURRENT TIMESTAMP);
END IF;
END;
BEGIN

IF NOT EXISTS(SELECT * FROM AGRCYFILES.SGSMUSM02 WHERE MUSUWEA = RTRIM(LTRIM('AGRMSS'))) THEN

INSERT INTO AGRCYFILES.SGSMUSM02
(MUSIDSA, MUSALIA, MUSNOMA, MUSAPEA, MUSTDON, MUSNDOA, MUSCARA, MUSTUSN, MUSTKTA, MUSMAIA,
MUSUWEA, MUSUADC, MUSHABN, MUSAGEA, MUSLAGA, MUSVDEF, MUSVHAF, MUSVIGI, MUSCFUA, MUSUREA, 
MUSFREF, MUSBLKN, MUSSTRN)
VALUES('11EB105F-AF19-4A11-A740-19FDDE63342D', RTRIM(LTRIM('Mauricio Salcedo')), RTRIM(LTRIM('Mauricio Salcedo')), '', 1, '12345640', RTRIM(LTRIM('')), 1, NULL, RTRIM(LTRIM('msalcedo@agrobanco.com.pe')), RTRIM(LTRIM('AGRMSS')), NULL, 0, '1', '', NULL, NULL, 0, '', 'SISTEMA', CURRENT TIMESTAMP, 0, 1);

INSERT INTO AGRCYFILES.SGSPWUE01
(
 PWUIDSA, MUSIDSA, PWUPWDA, PWUACTN, PWUFCAF
)
VALUES
('726ECCEC-PW40-4853-B6B2-608XXXBFA239', '11EB105F-AF19-4A11-A740-19FDDE63342D', NULL, 1, CURRENT TIMESTAMP);

INSERT INTO AGRCYFILES.SGSAUSW04
(
 AUSUIDA, MUSIDSA, MPEUIDA, AUSSTHN, 
 AUSUREA, AUSFREF
)
VALUES
('48C170F4-AU40-44F5-AEF0-37AB9222C1B8', '11EB105F-AF19-4A11-A740-19FDDE63342D', '15534A94-B3F9-4E8E-A6EC-358E7604E40D', 1, '11EB105F-AF19-4A11-A7A6-19FDDE63342D', CURRENT TIMESTAMP);
END IF;
END;
BEGIN

IF NOT EXISTS(SELECT * FROM AGRCYFILES.SGSMUSM02 WHERE MUSUWEA = RTRIM(LTRIM('AGRNGT'))) THEN

INSERT INTO AGRCYFILES.SGSMUSM02
(MUSIDSA, MUSALIA, MUSNOMA, MUSAPEA, MUSTDON, MUSNDOA, MUSCARA, MUSTUSN, MUSTKTA, MUSMAIA,
MUSUWEA, MUSUADC, MUSHABN, MUSAGEA, MUSLAGA, MUSVDEF, MUSVHAF, MUSVIGI, MUSCFUA, MUSUREA, 
MUSFREF, MUSBLKN, MUSSTRN)
VALUES('11EB105F-AF19-4A11-A741-19FDDE63342D', RTRIM(LTRIM('Nicanor Gil')), RTRIM(LTRIM('Nicanor Gil')), '', 1, '12345641', RTRIM(LTRIM('Analista de la Oficialía de Cumplimiento Normativo')), 1, NULL, RTRIM(LTRIM('ngil@agrobanco.com.pe')), RTRIM(LTRIM('AGRNGT')), NULL, 0, '1', '', NULL, NULL, 0, '', 'SISTEMA', CURRENT TIMESTAMP, 0, 1);

INSERT INTO AGRCYFILES.SGSPWUE01
(
 PWUIDSA, MUSIDSA, PWUPWDA, PWUACTN, PWUFCAF
)
VALUES
('726ECCEC-PW41-4853-B6B2-608XXXBFA239', '11EB105F-AF19-4A11-A741-19FDDE63342D', NULL, 1, CURRENT TIMESTAMP);

INSERT INTO AGRCYFILES.SGSAUSW04
(
 AUSUIDA, MUSIDSA, MPEUIDA, AUSSTHN, 
 AUSUREA, AUSFREF
)
VALUES
('48C170F4-AU41-44F5-AEF0-37AB9222C1B8', '11EB105F-AF19-4A11-A741-19FDDE63342D', '13BF634A-674F-43B7-9DBE-47F492DF8203', 1, '11EB105F-AF19-4A11-A7A6-19FDDE63342D', CURRENT TIMESTAMP);
END IF;
END;
BEGIN

IF NOT EXISTS(SELECT * FROM AGRCYFILES.SGSMUSM02 WHERE MUSUWEA = RTRIM(LTRIM('AGROMR      '))) THEN

INSERT INTO AGRCYFILES.SGSMUSM02
(MUSIDSA, MUSALIA, MUSNOMA, MUSAPEA, MUSTDON, MUSNDOA, MUSCARA, MUSTUSN, MUSTKTA, MUSMAIA,
MUSUWEA, MUSUADC, MUSHABN, MUSAGEA, MUSLAGA, MUSVDEF, MUSVHAF, MUSVIGI, MUSCFUA, MUSUREA, 
MUSFREF, MUSBLKN, MUSSTRN)
VALUES('11EB105F-AF19-4A11-A742-19FDDE63342D', RTRIM(LTRIM('Oscar Maldonado Romo')), RTRIM(LTRIM('Oscar Maldonado Romo')), '', 1, '12345642', RTRIM(LTRIM('Gerente de Auditoría Interna')), 1, NULL, RTRIM(LTRIM('omaldonado@agrobanco.com.pe     ')), RTRIM(LTRIM('AGROMR      ')), NULL, 0, '1', '', NULL, NULL, 0, '', 'SISTEMA', CURRENT TIMESTAMP, 0, 1);

INSERT INTO AGRCYFILES.SGSPWUE01
(
 PWUIDSA, MUSIDSA, PWUPWDA, PWUACTN, PWUFCAF
)
VALUES
('726ECCEC-PW42-4853-B6B2-608XXXBFA239', '11EB105F-AF19-4A11-A742-19FDDE63342D', NULL, 1, CURRENT TIMESTAMP);

INSERT INTO AGRCYFILES.SGSAUSW04
(
 AUSUIDA, MUSIDSA, MPEUIDA, AUSSTHN, 
 AUSUREA, AUSFREF
)
VALUES
('48C170F4-AU42-44F5-AEF0-37AB9222C1B8', '11EB105F-AF19-4A11-A742-19FDDE63342D', '15534A94-B3F9-4E8E-A6EC-358E7604E40D', 1, '11EB105F-AF19-4A11-A7A6-19FDDE63342D', CURRENT TIMESTAMP);
END IF;
END;
BEGIN

IF NOT EXISTS(SELECT * FROM AGRCYFILES.SGSMUSM02 WHERE MUSUWEA = RTRIM(LTRIM('AGROSS         '))) THEN

INSERT INTO AGRCYFILES.SGSMUSM02
(MUSIDSA, MUSALIA, MUSNOMA, MUSAPEA, MUSTDON, MUSNDOA, MUSCARA, MUSTUSN, MUSTKTA, MUSMAIA,
MUSUWEA, MUSUADC, MUSHABN, MUSAGEA, MUSLAGA, MUSVDEF, MUSVHAF, MUSVIGI, MUSCFUA, MUSUREA, 
MUSFREF, MUSBLKN, MUSSTRN)
VALUES('11EB105F-AF19-4A11-A743-19FDDE63342D', RTRIM(LTRIM('Oscar Schreiber')), RTRIM(LTRIM('Oscar Schreiber')), '', 1, '12345643', RTRIM(LTRIM('Analista de fondos Especiales')), 1, NULL, RTRIM(LTRIM('oschreiber@agrobanco.com.pe  ')), RTRIM(LTRIM('AGROSS         ')), NULL, 0, '1', '', NULL, NULL, 0, '', 'SISTEMA', CURRENT TIMESTAMP, 0, 1);

INSERT INTO AGRCYFILES.SGSPWUE01
(
 PWUIDSA, MUSIDSA, PWUPWDA, PWUACTN, PWUFCAF
)
VALUES
('726ECCEC-PW43-4853-B6B2-608XXXBFA239', '11EB105F-AF19-4A11-A743-19FDDE63342D', NULL, 1, CURRENT TIMESTAMP);

INSERT INTO AGRCYFILES.SGSAUSW04
(
 AUSUIDA, MUSIDSA, MPEUIDA, AUSSTHN, 
 AUSUREA, AUSFREF
)
VALUES
('48C170F4-AU43-44F5-AEF0-37AB9222C1B8', '11EB105F-AF19-4A11-A743-19FDDE63342D', '15534A94-B3F9-4E8E-A6EC-358E7604E40D', 1, '11EB105F-AF19-4A11-A7A6-19FDDE63342D', CURRENT TIMESTAMP);
END IF;
END;
BEGIN

IF NOT EXISTS(SELECT * FROM AGRCYFILES.SGSMUSM02 WHERE MUSUWEA = RTRIM(LTRIM('AGRPQG  '))) THEN

INSERT INTO AGRCYFILES.SGSMUSM02
(MUSIDSA, MUSALIA, MUSNOMA, MUSAPEA, MUSTDON, MUSNDOA, MUSCARA, MUSTUSN, MUSTKTA, MUSMAIA,
MUSUWEA, MUSUADC, MUSHABN, MUSAGEA, MUSLAGA, MUSVDEF, MUSVHAF, MUSVIGI, MUSCFUA, MUSUREA, 
MUSFREF, MUSBLKN, MUSSTRN)
VALUES('11EB105F-AF19-4A11-A744-19FDDE63342D', RTRIM(LTRIM('Patricia Quintanilla')), RTRIM(LTRIM('Patricia Quintanilla')), '', 1, '12345644', RTRIM(LTRIM('')), 1, NULL, RTRIM(LTRIM('pquintanilla@agrobanco.com.pe          ')), RTRIM(LTRIM('AGRPQG  ')), NULL, 0, '1', '', NULL, NULL, 0, '', 'SISTEMA', CURRENT TIMESTAMP, 0, 1);

INSERT INTO AGRCYFILES.SGSPWUE01
(
 PWUIDSA, MUSIDSA, PWUPWDA, PWUACTN, PWUFCAF
)
VALUES
('726ECCEC-PW44-4853-B6B2-608XXXBFA239', '11EB105F-AF19-4A11-A744-19FDDE63342D', NULL, 1, CURRENT TIMESTAMP);

INSERT INTO AGRCYFILES.SGSAUSW04
(
 AUSUIDA, MUSIDSA, MPEUIDA, AUSSTHN, 
 AUSUREA, AUSFREF
)
VALUES
('48C170F4-AU44-44F5-AEF0-37AB9222C1B8', '11EB105F-AF19-4A11-A744-19FDDE63342D', '15534A94-B3F9-4E8E-A6EC-358E7604E40D', 1, '11EB105F-AF19-4A11-A7A6-19FDDE63342D', CURRENT TIMESTAMP);
END IF;
END;
BEGIN

IF NOT EXISTS(SELECT * FROM AGRCYFILES.SGSMUSM02 WHERE MUSUWEA = RTRIM(LTRIM('AGRRBC'))) THEN

INSERT INTO AGRCYFILES.SGSMUSM02
(MUSIDSA, MUSALIA, MUSNOMA, MUSAPEA, MUSTDON, MUSNDOA, MUSCARA, MUSTUSN, MUSTKTA, MUSMAIA,
MUSUWEA, MUSUADC, MUSHABN, MUSAGEA, MUSLAGA, MUSVDEF, MUSVHAF, MUSVIGI, MUSCFUA, MUSUREA, 
MUSFREF, MUSBLKN, MUSSTRN)
VALUES('11EB105F-AF19-4A11-A745-19FDDE63342D', RTRIM(LTRIM('Ronald Bourgeois  Carpio')), RTRIM(LTRIM('Ronald Bourgeois  Carpio')), '', 1, '12345645', RTRIM(LTRIM('Gerente')), 1, NULL, RTRIM(LTRIM('rbourgeois@agrobanco.com.pe')), RTRIM(LTRIM('AGRRBC')), NULL, 0, '1', '', NULL, NULL, 0, '', 'SISTEMA', CURRENT TIMESTAMP, 0, 1);

INSERT INTO AGRCYFILES.SGSPWUE01
(
 PWUIDSA, MUSIDSA, PWUPWDA, PWUACTN, PWUFCAF
)
VALUES
('726ECCEC-PW45-4853-B6B2-608XXXBFA239', '11EB105F-AF19-4A11-A745-19FDDE63342D', NULL, 1, CURRENT TIMESTAMP);

INSERT INTO AGRCYFILES.SGSAUSW04
(
 AUSUIDA, MUSIDSA, MPEUIDA, AUSSTHN, 
 AUSUREA, AUSFREF
)
VALUES
('48C170F4-AU45-44F5-AEF0-37AB9222C1B8', '11EB105F-AF19-4A11-A745-19FDDE63342D', '15534A94-B3F9-4E8E-A6EC-358E7604E40D', 1, '11EB105F-AF19-4A11-A7A6-19FDDE63342D', CURRENT TIMESTAMP);
END IF;
END;
BEGIN

IF NOT EXISTS(SELECT * FROM AGRCYFILES.SGSMUSM02 WHERE MUSUWEA = RTRIM(LTRIM('AGRRRS'))) THEN

INSERT INTO AGRCYFILES.SGSMUSM02
(MUSIDSA, MUSALIA, MUSNOMA, MUSAPEA, MUSTDON, MUSNDOA, MUSCARA, MUSTUSN, MUSTKTA, MUSMAIA,
MUSUWEA, MUSUADC, MUSHABN, MUSAGEA, MUSLAGA, MUSVDEF, MUSVHAF, MUSVIGI, MUSCFUA, MUSUREA, 
MUSFREF, MUSBLKN, MUSSTRN)
VALUES('11EB105F-AF19-4A11-A746-19FDDE63342D', RTRIM(LTRIM('Rubí Ruiz')), RTRIM(LTRIM('Rubí Ruiz')), '', 1, '12345646', RTRIM(LTRIM('')), 1, NULL, RTRIM(LTRIM('rruizs@agrobanco.com.pe')), RTRIM(LTRIM('AGRRRS')), NULL, 0, '1', '', NULL, NULL, 0, '', 'SISTEMA', CURRENT TIMESTAMP, 0, 1);

INSERT INTO AGRCYFILES.SGSPWUE01
(
 PWUIDSA, MUSIDSA, PWUPWDA, PWUACTN, PWUFCAF
)
VALUES
('726ECCEC-PW46-4853-B6B2-608XXXBFA239', '11EB105F-AF19-4A11-A746-19FDDE63342D', NULL, 1, CURRENT TIMESTAMP);

INSERT INTO AGRCYFILES.SGSAUSW04
(
 AUSUIDA, MUSIDSA, MPEUIDA, AUSSTHN, 
 AUSUREA, AUSFREF
)
VALUES
('48C170F4-AU46-44F5-AEF0-37AB9222C1B8', '11EB105F-AF19-4A11-A746-19FDDE63342D', '15534A94-B3F9-4E8E-A6EC-358E7604E40D', 1, '11EB105F-AF19-4A11-A7A6-19FDDE63342D', CURRENT TIMESTAMP);
END IF;
END;
BEGIN

IF NOT EXISTS(SELECT * FROM AGRCYFILES.SGSMUSM02 WHERE MUSUWEA = RTRIM(LTRIM('AGRSFR         '))) THEN

INSERT INTO AGRCYFILES.SGSMUSM02
(MUSIDSA, MUSALIA, MUSNOMA, MUSAPEA, MUSTDON, MUSNDOA, MUSCARA, MUSTUSN, MUSTKTA, MUSMAIA,
MUSUWEA, MUSUADC, MUSHABN, MUSAGEA, MUSLAGA, MUSVDEF, MUSVHAF, MUSVIGI, MUSCFUA, MUSUREA, 
MUSFREF, MUSBLKN, MUSSTRN)
VALUES('11EB105F-AF19-4A11-A747-19FDDE63342D', RTRIM(LTRIM('Sergio Flores Ramirez')), RTRIM(LTRIM('Sergio Flores Ramirez')), '', 1, '12345647', RTRIM(LTRIM('Gerente')), 1, NULL, RTRIM(LTRIM('sfloresr@agrobanco.com.pe   ')), RTRIM(LTRIM('AGRSFR         ')), NULL, 0, '1', '', NULL, NULL, 0, '', 'SISTEMA', CURRENT TIMESTAMP, 0, 1);

INSERT INTO AGRCYFILES.SGSPWUE01
(
 PWUIDSA, MUSIDSA, PWUPWDA, PWUACTN, PWUFCAF
)
VALUES
('726ECCEC-PW47-4853-B6B2-608XXXBFA239', '11EB105F-AF19-4A11-A747-19FDDE63342D', NULL, 1, CURRENT TIMESTAMP);

INSERT INTO AGRCYFILES.SGSAUSW04
(
 AUSUIDA, MUSIDSA, MPEUIDA, AUSSTHN, 
 AUSUREA, AUSFREF
)
VALUES
('48C170F4-AU47-44F5-AEF0-37AB9222C1B8', '11EB105F-AF19-4A11-A747-19FDDE63342D', '15534A94-B3F9-4E8E-A6EC-358E7604E40D', 1, '11EB105F-AF19-4A11-A7A6-19FDDE63342D', CURRENT TIMESTAMP);
END IF;
END;
BEGIN

IF NOT EXISTS(SELECT * FROM AGRCYFILES.SGSMUSM02 WHERE MUSUWEA = RTRIM(LTRIM('AGRSVM'))) THEN

INSERT INTO AGRCYFILES.SGSMUSM02
(MUSIDSA, MUSALIA, MUSNOMA, MUSAPEA, MUSTDON, MUSNDOA, MUSCARA, MUSTUSN, MUSTKTA, MUSMAIA,
MUSUWEA, MUSUADC, MUSHABN, MUSAGEA, MUSLAGA, MUSVDEF, MUSVHAF, MUSVIGI, MUSCFUA, MUSUREA, 
MUSFREF, MUSBLKN, MUSSTRN)
VALUES('11EB105F-AF19-4A11-A748-19FDDE63342D', RTRIM(LTRIM('Sofia Veneros')), RTRIM(LTRIM('Sofia Veneros')), '', 1, '12345648', RTRIM(LTRIM('')), 1, NULL, RTRIM(LTRIM('sveneros@agrobanco.com.pe')), RTRIM(LTRIM('AGRSVM')), NULL, 0, '1', '', NULL, NULL, 0, '', 'SISTEMA', CURRENT TIMESTAMP, 0, 1);

INSERT INTO AGRCYFILES.SGSPWUE01
(
 PWUIDSA, MUSIDSA, PWUPWDA, PWUACTN, PWUFCAF
)
VALUES
('726ECCEC-PW48-4853-B6B2-608XXXBFA239', '11EB105F-AF19-4A11-A748-19FDDE63342D', NULL, 1, CURRENT TIMESTAMP);

INSERT INTO AGRCYFILES.SGSAUSW04
(
 AUSUIDA, MUSIDSA, MPEUIDA, AUSSTHN, 
 AUSUREA, AUSFREF
)
VALUES
('48C170F4-AU48-44F5-AEF0-37AB9222C1B8', '11EB105F-AF19-4A11-A748-19FDDE63342D', '15534A94-B3F9-4E8E-A6EC-358E7604E40D', 1, '11EB105F-AF19-4A11-A7A6-19FDDE63342D', CURRENT TIMESTAMP);
END IF;
END;
BEGIN

IF NOT EXISTS(SELECT * FROM AGRCYFILES.SGSMUSM02 WHERE MUSUWEA = RTRIM(LTRIM('AGRVRA '))) THEN

INSERT INTO AGRCYFILES.SGSMUSM02
(MUSIDSA, MUSALIA, MUSNOMA, MUSAPEA, MUSTDON, MUSNDOA, MUSCARA, MUSTUSN, MUSTKTA, MUSMAIA,
MUSUWEA, MUSUADC, MUSHABN, MUSAGEA, MUSLAGA, MUSVDEF, MUSVHAF, MUSVIGI, MUSCFUA, MUSUREA, 
MUSFREF, MUSBLKN, MUSSTRN)
VALUES('11EB105F-AF19-4A11-A749-19FDDE63342D', RTRIM(LTRIM('Veronica Redhead')), RTRIM(LTRIM('Veronica Redhead')), '', 1, '12345649', RTRIM(LTRIM('')), 1, NULL, RTRIM(LTRIM('vredhead@agrobanco.com.pe    ')), RTRIM(LTRIM('AGRVRA ')), NULL, 0, '1', '', NULL, NULL, 0, '', 'SISTEMA', CURRENT TIMESTAMP, 0, 1);

INSERT INTO AGRCYFILES.SGSPWUE01
(
 PWUIDSA, MUSIDSA, PWUPWDA, PWUACTN, PWUFCAF
)
VALUES
('726ECCEC-PW49-4853-B6B2-608XXXBFA239', '11EB105F-AF19-4A11-A749-19FDDE63342D', NULL, 1, CURRENT TIMESTAMP);

INSERT INTO AGRCYFILES.SGSAUSW04
(
 AUSUIDA, MUSIDSA, MPEUIDA, AUSSTHN, 
 AUSUREA, AUSFREF
)
VALUES
('48C170F4-AU49-44F5-AEF0-37AB9222C1B8', '11EB105F-AF19-4A11-A749-19FDDE63342D', '15534A94-B3F9-4E8E-A6EC-358E7604E40D', 1, '11EB105F-AF19-4A11-A7A6-19FDDE63342D', CURRENT TIMESTAMP);
END IF;
END;
BEGIN

IF NOT EXISTS(SELECT * FROM AGRCYFILES.SGSMUSM02 WHERE MUSUWEA = RTRIM(LTRIM('AGRWRA   '))) THEN

INSERT INTO AGRCYFILES.SGSMUSM02
(MUSIDSA, MUSALIA, MUSNOMA, MUSAPEA, MUSTDON, MUSNDOA, MUSCARA, MUSTUSN, MUSTKTA, MUSMAIA,
MUSUWEA, MUSUADC, MUSHABN, MUSAGEA, MUSLAGA, MUSVDEF, MUSVHAF, MUSVIGI, MUSCFUA, MUSUREA, 
MUSFREF, MUSBLKN, MUSSTRN)
VALUES('11EB105F-AF19-4A11-A750-19FDDE63342D', RTRIM(LTRIM('Walter Roque')), RTRIM(LTRIM('Walter Roque')), '', 1, '12345650', RTRIM(LTRIM('Contador General')), 1, NULL, RTRIM(LTRIM('wroque@agrobanco.com.pe    ')), RTRIM(LTRIM('AGRWRA   ')), NULL, 0, '1', '', NULL, NULL, 0, '', 'SISTEMA', CURRENT TIMESTAMP, 0, 1);

INSERT INTO AGRCYFILES.SGSPWUE01
(
 PWUIDSA, MUSIDSA, PWUPWDA, PWUACTN, PWUFCAF
)
VALUES
('726ECCEC-PW50-4853-B6B2-608XXXBFA239', '11EB105F-AF19-4A11-A750-19FDDE63342D', NULL, 1, CURRENT TIMESTAMP);

INSERT INTO AGRCYFILES.SGSAUSW04
(
 AUSUIDA, MUSIDSA, MPEUIDA, AUSSTHN, 
 AUSUREA, AUSFREF
)
VALUES
('48C170F4-AU50-44F5-AEF0-37AB9222C1B8', '11EB105F-AF19-4A11-A750-19FDDE63342D', '15534A94-B3F9-4E8E-A6EC-358E7604E40D', 1, '11EB105F-AF19-4A11-A7A6-19FDDE63342D', CURRENT TIMESTAMP);
END IF;
END;

 


